date,tavg,tmin,tmax,prcp,snow,wdir,wspd,wpgt,pres,tsun
1/1/2017,-1.3,-8.8,10,0,0,,10.8,,1005.6,
1/2/2017,2.7,-6.6,11.1,0,0,,15.8,,1008,
1/3/2017,-5.9,-13.2,-5.5,0.5,0,,10.4,,1022.8,
1/4/2017,-9.4,-13.8,-2.1,0,0,,10.8,,1017,
1/5/2017,-14.4,-17.1,-13.2,4.3,30,,10.8,,,
1/6/2017,-14.1,-21.6,-7.1,0,50,,5.4,,1027.4,
1/7/2017,-11.2,-17.7,-1.6,0,50,,10.8,,1033.6,
1/8/2017,-2.2,-11.6,8.3,0,30,,8.6,,1023.9,
1/9/2017,8.3,-0.5,15.6,0,30,272,48.2,,,
1/10/2017,7.2,1.1,11.1,0,0,,33.5,,1004.8,
1/11/2017,8.7,0,13.9,0,0,267,35.3,,1000.1,
1/12/2017,3.3,-7.7,8.9,0,0,,18,,1017.1,
1/13/2017,-3.7,-8.2,5,0,0,,6.5,,,
1/14/2017,0.2,-5.5,8.9,0,0,,9.7,,1028.8,
1/15/2017,-1.1,-4.3,2.8,1,0,,8.3,,1019.2,
1/16/2017,-0.1,-2.1,1.1,0.3,30,324,29.2,,1018.5,
1/17/2017,0.2,-5.5,7.2,0,0,,7.6,,1020.9,
1/18/2017,1.4,-5.5,12.8,0,0,,12.6,,1013.6,
1/19/2017,3.5,-2.1,12.2,0,0,,10.1,,1002.2,
1/20/2017,1.6,-2.7,3.9,1.3,0,,11.2,,,
1/21/2017,-0.7,-6.6,5,0,0,,11.2,,999,
1/22/2017,1.6,-3.8,7.2,0,0,9,16.6,,1012.8,
1/23/2017,2.6,-5.5,11.7,0,0,202,19.1,,1004.1,
1/24/2017,0.8,-6.6,4.4,0,0,358,23,,1002,
1/25/2017,-5.7,-8.2,-2.1,0,0,,8.6,,1018.5,
1/26/2017,-7.1,-11.6,-3.2,0.8,30,,9,,1027.4,
1/27/2017,-6.6,-13.8,4.4,0,0,326,12.2,,1031.1,
1/28/2017,-0.5,-9.9,9.4,0,0,,15.1,,1029.2,
1/29/2017,4.3,-4.3,15,0,0,,13,,1028,
1/30/2017,6.5,-1,15.6,0,0,,12.6,,1019.1,
1/31/2017,9.2,-0.5,17.8,0,0,,17.6,,1011,
2/1/2017,2,-6,4.4,0,0,153,14,,1019.4,
2/2/2017,-6.8,-8.2,-6,0.8,0,158,14,,,
2/3/2017,-6.7,-10.5,-2.7,0,0,,12.2,,,
2/4/2017,5.1,-2.1,15.6,0,0,322,24.1,,1013.1,
2/5/2017,5.1,-4.3,16.7,0,0,,10.8,,1014.2,
2/6/2017,8.1,1.1,16.1,0,0,321,20.2,,1003.7,
2/7/2017,8.3,-0.5,17.2,0,0,46,19.1,,1003.3,
2/8/2017,11,0,15,0,0,307,24.8,,1011.6,
2/9/2017,9.9,1.7,20.6,0,0,,14,,1014.8,
2/10/2017,14.9,6.7,25,0,0,62,15.8,,,
2/11/2017,15.3,1.1,21.1,0,0,,22,,1009.5,
2/12/2017,2.4,-3.2,5,0.5,0,,17.3,,1031.5,
2/13/2017,2.2,-4.3,7.8,0,0,353,21.2,,1023.5,
2/14/2017,3.2,-2.7,8.3,0,0,344,22.7,,1024.6,
2/15/2017,2.9,-6,15.6,0,0,,9.4,,1021.9,
2/16/2017,7.8,-1,20,0,0,72,14.8,,1009.9,
2/17/2017,9.8,2.2,17.2,0,0,,14.4,,1004,
2/18/2017,7.4,0.6,15,0,0,114,12.6,,1006.2,
2/19/2017,7.4,0,14.4,0,0,87,19.8,,1003.4,
2/20/2017,8.2,-0.5,15.6,0,0,,15.1,,1013.8,
2/21/2017,11.7,1.1,22.2,0,0,,29.5,,1014.4,
2/22/2017,13.8,2.8,18.9,0,0,254,28.4,,1005.1,
2/23/2017,3.1,-8.2,6.1,0.3,0,346,25.9,,1001.6,
2/24/2017,-6.4,-11,-1,0,0,,10.8,,1017.6,
2/25/2017,-5.4,-14.9,5,0,0,,13,,1017.4,
2/26/2017,-1.6,-9.3,6.7,0,0,,12.2,,1011,
2/27/2017,0.8,-9.3,12.8,0,0,190,24.8,,1006.5,
2/28/2017,1.5,-6.6,5,0.3,0,51,16.9,,1007.9,
3/1/2017,-1.3,-8.8,6.1,0,0,213,16.9,,1024.2,
3/2/2017,-0.2,-8.8,9.4,0,0,91,13.7,,1030.8,
3/3/2017,3.5,-7.7,17.8,0,0,,12.2,,1024,
3/4/2017,7.4,-3.8,20,0,0,50,16.9,,1013.4,
3/5/2017,11.1,3.3,18.9,0,0,214,27.4,,1003.9,
3/6/2017,6.7,-4.9,10,0,0,266,35.6,,1002.5,
3/7/2017,1.2,-7.1,12.8,0,0,,22.7,,1020.1,
3/8/2017,10.7,1.1,20.6,0,0,297,22.3,,1016.7,
3/9/2017,12.2,1.7,23.3,0,0,,12.2,,1017.4,
3/10/2017,4.5,-4.9,12.2,0,0,174,9.4,,1023.1,
3/11/2017,7.2,0.6,12.2,0,0,35,18,,1022.4,
3/12/2017,5.8,-3.2,19.4,0,0,,19.4,,,
3/13/2017,3.3,-4.9,12.8,0,0,146,12.6,,1022.6,
3/14/2017,9.9,-1,22.8,0,0,,12.2,,1018.4,
3/15/2017,13.1,0,25.6,0,0,331,16.6,,1017.4,
3/16/2017,15.8,8.9,23.9,0,0,,14,,1012.2,
3/17/2017,13.8,5,20.6,0,0,148,19.4,,1019.3,
3/18/2017,13.3,1.7,26.7,0,0,,12.2,,1019.6,
3/19/2017,18.1,8.9,26.7,0,0,,11.9,,1014,
3/20/2017,16.9,5.6,24.4,0,0,,12.2,,1014.5,
3/21/2017,10.9,1.7,15.6,0,0,122,16.9,,1019.1,
3/22/2017,8.2,1.7,17.2,0,0,,11.9,,1015.9,
3/23/2017,12.7,2.8,22.8,0.5,0,266,31.7,,1000.9,
3/24/2017,5.8,0,7.8,4.8,30,347,38.9,,1013.2,
3/25/2017,4.9,-2.1,13.9,0,0,94,13.7,,1016.3,
3/26/2017,7.7,2.8,12.8,0.5,0,346,25.9,,1009.6,
3/27/2017,7.2,0,14.4,0.3,0,138,16.2,,1011.5,
3/28/2017,7.2,1.7,10.6,2.5,0,,22,,1009.6,
3/29/2017,5.1,1.7,12.2,0,0,342,29.2,,1016,
3/30/2017,8.1,-1,16.7,0,0,,14.8,,1007.2,
3/31/2017,5,0,6.1,2.5,0,90,15.8,,,
4/1/2017,0.9,0,2.8,6.1,0,,9.4,,,
4/2/2017,4.8,0,14.4,0.3,0,,10.1,,1011.9,
4/3/2017,7.8,0.6,11.7,2.8,0,30,20.9,,1006.2,
4/4/2017,1.8,-1,3.3,15,100,,18.7,,,
4/5/2017,1.7,-5.5,9.4,0,30,,11.2,,1023.7,
4/6/2017,6.6,-1,15,0,0,144,16.6,,1022,
4/7/2017,12.3,2.8,23.9,0,0,303,15.5,,1011.2,
4/8/2017,17.7,9.4,23.9,0,0,,20.2,,1001.5,
4/9/2017,13.9,5.6,17.8,0,0,247,27.7,,1001.6,
4/10/2017,8,0,14.4,0,0,170,18.4,,1017.5,
4/11/2017,8.4,-2.1,18.9,0,0,,13,,1019,
4/12/2017,14.6,5,23.3,0,0,,10.1,,1014,
4/13/2017,14.5,5,22.8,0,0,112,16.2,,1013.2,
4/14/2017,15.8,5,26.7,0,0,240,23,,,
4/15/2017,16.1,7.2,22.8,0,0,45,16.9,,1008.8,
4/16/2017,12.7,5,19.4,0,0,157,18.4,,1016.2,
4/17/2017,13.3,6.7,22.8,0.5,0,150,16.6,,1013.7,
4/18/2017,14.9,8.3,22.2,0,0,156,20.2,,1010.4,
4/19/2017,19.1,7.2,23.9,0,0,301,22.3,,1007,
4/20/2017,9.9,4.4,14.4,13.2,0,119,19.1,,1019.2,
4/21/2017,6,2.8,11.7,8.4,0,65,20.2,,,
4/22/2017,4.4,1.7,10.6,0.8,0,140,11.2,,1025.2,
4/23/2017,8.3,1.1,20,0,0,,14,,1013.3,
4/24/2017,16.1,8.9,22.8,0,0,94,17.6,,997.6,
4/25/2017,9.9,1.7,13.3,4.6,0,9,20.9,,999.2,
4/26/2017,5,-0.5,12.8,0,0,,11.2,,1008.1,
4/27/2017,7.8,2.8,13.9,0,0,31,15.5,,999.5,
4/28/2017,5.9,-1.6,11.7,2.5,0,,18.4,,1005.2,
4/29/2017,-0.2,-2.1,0.6,0.3,0,345,35.3,,1020.3,
4/30/2017,2.9,-1.6,13.3,0,0,338,34.6,,1014.7,
5/1/2017,10.2,0.6,18.3,0,0,,13.7,,1011.7,
5/2/2017,7.7,2.2,10,3.6,0,,12.6,,1015.6,
5/3/2017,7.4,2.8,12.2,0,0,350,24.5,,1021.8,
5/4/2017,10.6,-0.5,21.7,0,0,,13.7,,1022.4,
5/5/2017,14.6,5,23.3,0,0,,10.1,,1015.8,
5/6/2017,17.6,8.3,27.2,5.6,0,124,12.2,,,
5/7/2017,17.3,10.6,25,0,0,75,11.2,,1006.4,
5/8/2017,15.9,8.3,23.3,10.9,0,46,13.7,,1011.1,
5/9/2017,11.1,8.9,15,2.8,0,176,17.6,,,
5/10/2017,11.5,6.1,18.3,6.9,0,10,24.1,,1012.2,
5/11/2017,10.9,7.8,18.3,0,0,15,23.8,,1018.8,
5/12/2017,12.8,8.3,21.1,0,0,162,15.8,,1016.7,
5/13/2017,16.2,6.1,27.2,0,0,,22.3,,1005.3,
5/14/2017,18.9,10.6,24.4,0,0,120,18.4,,1005.5,
5/15/2017,18.9,10,26.7,0,0,162,21.6,,1002.4,
5/16/2017,17.7,10,22.8,0,0,186,22,,998.6,
5/17/2017,13.6,6.7,21.7,0.3,0,255,20.2,,998.1,
5/18/2017,6.7,1.1,10,29.2,0,,25.2,,,
5/19/2017,3.6,1.1,7.8,0,0,336,31.3,,1017.7,
5/20/2017,6.4,0,16.7,0,0,,9.7,,1018.5,
5/21/2017,12.4,7.2,18.9,0,0,,13.3,,1018.9,
5/22/2017,12.6,4.4,18.3,5.3,0,326,18.7,,1018.7,
5/23/2017,9.4,4.4,17.2,0,0,337,20.5,,1019.2,
5/24/2017,14.7,3.9,27.8,0,0,,11.9,,1005.1,
5/25/2017,20.3,11.1,27.2,0,0,343,20.5,,997,
5/26/2017,14.6,7.2,22.8,11.2,0,,20.5,,,
5/27/2017,12.2,6.7,16.1,3.8,0,358,19.8,,1015.6,
5/28/2017,12.4,5,20.6,0,0,336,11.9,,1021.9,
5/29/2017,14.1,8.3,19.4,0.5,0,288,13.7,,1020.1,
5/30/2017,15.5,7.2,22.8,0,0,,9.4,,1018.1,
5/31/2017,16.9,7.8,25.6,0,0,,12.6,,1013.9,
6/1/2017,17.9,7.8,25,0.5,0,83,13.7,,,
6/2/2017,17.1,10,25.6,1,0,,16.2,,1011.7,
6/3/2017,16.7,8.3,24.4,0,0,25,15.5,,1016.9,
6/4/2017,17.9,8.9,26.7,0,0,158,10.8,,1014.7,
6/5/2017,19.6,11.1,26.1,0,0,,12.6,,1012.9,
6/6/2017,19.1,13.3,25.6,0.8,0,,14.4,,,
6/7/2017,17.7,10,26.7,0,0,122,15.5,,1017.3,
6/8/2017,18,11.1,27.2,0,0,,9.7,,1013.3,
6/9/2017,21.8,10.6,32.8,0,0,,14.4,,1005.5,
6/10/2017,26.2,17.2,34.4,0,0,,20.2,,998.2,
6/11/2017,24.6,13.9,28.3,0,0,28,13.7,,1001.8,
6/12/2017,22.8,13.9,32.2,0,0,166,24.1,,1003.1,
6/13/2017,23.2,15,28.3,0,0,215,25.6,,1001.6,
6/14/2017,21.4,11.7,29.4,0,0,161,18,,1008.8,
6/15/2017,23.7,15,31.1,0,0,,15.5,,1010,
6/16/2017,23.9,12.8,33.9,0,0,,7.9,,1007.8,
6/17/2017,25.9,14.4,33.9,0,0,,20.5,,1005.6,
6/18/2017,18.6,13.9,26.7,0,0,,15.5,,1013.5,
6/19/2017,22.1,15.6,30,0,0,227,18,,1016,
6/20/2017,24.1,13.3,34.4,0.5,0,,11.2,,1013.2,
6/21/2017,27.1,17.8,35,0.8,0,,14,,1008.5,
6/22/2017,25.3,16.1,33.9,0,0,,13.3,,1006,
6/23/2017,15.9,10,17.8,0,0,,13.7,,1018.2,
6/24/2017,15.3,11.7,21.7,0,0,,10.8,,1022.2,
6/25/2017,18.4,10,26.1,7.1,0,,13.7,,1021.2,
6/26/2017,19.2,14.4,29.4,0.3,0,156,10.8,,1018.2,
6/27/2017,21.9,11.1,34.4,0.3,0,,16.2,,1007.6,
6/28/2017,23.9,15,31.7,0,0,148,20.9,,1005,
6/29/2017,22.1,14.4,28.9,1.5,0,,14,,1007.7,
6/30/2017,17.1,11.7,22.2,0,0,147,15.5,,1017.5,
7/1/2017,18.6,9.4,30,17,0,130,12.2,,,
7/2/2017,21.9,13.3,32.2,0,0,,12.6,,1013.7,
7/3/2017,22.1,13.9,30,0,0,,12.2,,,
7/4/2017,23.7,12.8,32.8,0,0,26,17.6,,1013.9,
7/5/2017,23.9,13.3,33.3,0,0,,10.4,,1016.9,
7/6/2017,25.4,14.4,34.4,0,0,,17.3,,1018.3,
7/7/2017,23,13.9,32.8,2,0,,12.2,,1020,
7/8/2017,20.4,13.3,29.4,6.6,0,,13,,1019.8,
7/9/2017,22.5,12.8,33.3,0,0,,10.8,,1015.6,
7/10/2017,25.4,15.6,33.3,0,0,49,14,,1010.5,
7/11/2017,24.4,17.2,32.8,3.8,0,346,15.1,,1009.4,
7/12/2017,23.3,16.7,30.6,9.1,0,329,16.6,,1013.8,
7/13/2017,18.8,16.1,24.4,3.8,0,,8.6,,1019.8,
7/14/2017,19.2,14.4,27.2,8.1,0,37,12.6,,,
7/15/2017,18.6,16.7,25.6,2,0,0,13,,1021.5,
7/16/2017,19.6,13.9,27.2,0,0,,12.2,,1016.8,
7/17/2017,24.1,15.6,33.3,0.5,0,,13.7,,1011.6,
7/18/2017,24.4,16.1,33.3,13,0,,15.8,,,
7/19/2017,23.8,17.8,33.9,0.8,0,87,15.5,,1014.4,
7/20/2017,25.4,19.4,33.3,0,0,303,16.2,,1013.5,
7/21/2017,26.2,18.3,33.3,0.3,0,359,18,,,
7/22/2017,22.6,16.7,30.6,2.5,0,,10.8,,1015,
7/23/2017,22.6,15,30,0,0,123,10.8,,1015.7,
7/24/2017,23.4,16.1,31.7,0,0,105,11.5,,1012.7,
7/25/2017,25.2,18.9,33.3,1.3,0,,14,,,
7/26/2017,22.4,17.2,28.9,42.2,0,,14.4,,,
7/27/2017,20.1,16.1,26.1,2.3,0,163,13.7,,,
7/28/2017,22.3,17.2,28.9,0.5,0,,10.4,,,
7/29/2017,19.7,16.1,26.7,34,0,272,14.4,,,
7/30/2017,19.2,16.1,25.6,8.4,0,,10.8,,1019.9,
7/31/2017,19.2,14.4,27.8,0,0,339,12.2,,1020.3,
8/1/2017,20.9,13.9,28.9,0,0,46,14,,1020.7,
8/2/2017,20.8,13.3,27.8,0,0,140,14.8,,1018.2,
8/3/2017,19.1,14.4,21.1,1.8,0,19,18,,1020.4,
8/4/2017,17.7,13.9,25,3.3,0,,16.6,,1016.3,
8/5/2017,21.2,15.6,27.2,0,0,,15.5,,1010.1,
8/6/2017,18.7,12.2,23.9,16.5,0,36,13.3,,1014.9,
8/7/2017,15.1,13.3,17.2,19.8,0,,12.6,,,
8/8/2017,16.4,13.9,22.8,7.9,0,136,9.4,,1019.1,
8/9/2017,18.2,12.2,25,2,0,,12.6,,1018.2,
8/10/2017,18.2,13.3,25,8.4,0,,14.8,,,
8/11/2017,15.8,13.3,20,0.8,0,151,15.5,,1020.4,
8/12/2017,17.8,11.7,26.1,0.5,0,130,9.4,,,
8/13/2017,19.7,12.8,28.9,0,0,,11.9,,1012.2,
8/14/2017,19.9,12.8,29.4,0,0,,10.1,,,
8/15/2017,21.5,15,30,0,0,,13,,1006.8,
8/16/2017,18.4,14.4,23.3,0.3,0,,10.1,,1013.8,
8/17/2017,19.6,13.9,27.8,0,0,,9.7,,1016.2,
8/18/2017,22.4,13.3,29.4,0,0,,13.3,,1015.1,
8/19/2017,23.2,13.9,32.2,0,0,,12.2,,1012.6,
8/20/2017,23.6,16.7,30.6,0.5,0,0,16.9,,1011.9,
8/21/2017,22.7,16.7,30,0,0,354,13,,1013.9,
8/22/2017,19.4,13.9,23.9,0,0,131,15.5,,,
8/23/2017,19.3,12.8,27.8,0,0,,9.7,,1017,
8/24/2017,20.2,12.2,26.7,0,0,342,11.5,,,
8/25/2017,20,11.1,29.4,0,0,,9.4,,1013.9,
8/26/2017,22.9,12.8,32.2,0,0,,12.2,,1016.6,
8/27/2017,22.9,13.9,28.9,0,0,25,17.3,,1018.6,
8/28/2017,20.6,13.9,27.2,0,0,,11.5,,1019.7,
8/29/2017,20.7,12.2,29.4,0,0,,11.5,,1017.6,
8/30/2017,21.3,12.2,29.4,0,0,129,15.8,,1016.6,
8/31/2017,19.9,11.1,27.2,0,0,93,12.2,,1015.8,
9/1/2017,21.7,14.4,29.4,0,0,348,16.6,,1015.1,
9/2/2017,22.3,12.8,31.7,0,0,32,13.7,,1018.2,
9/3/2017,24.3,13.3,35,0,0,21,11.5,,1016.6,
9/4/2017,23.9,13.9,30.6,0,0,290,16.2,,1016.6,
9/5/2017,17.2,13.3,20.6,0,0,149,11.5,,1023.3,
9/6/2017,16.5,7.2,24.4,0,0,,9.7,,1020.7,
9/7/2017,19.1,10,27.8,0,0,116,13,,1015,
9/8/2017,20.6,12.8,28.3,0,0,340,11.5,,1014.5,
9/9/2017,20.8,12.8,31.7,0,0,,13,,1015.2,
9/10/2017,22.6,15,30.6,0,0,,13.3,,1016.2,
9/11/2017,22.7,16.1,30,4.3,0,,11.2,,1018.1,
9/12/2017,21.6,13.9,29.4,0,0,,9.4,,1014.1,
9/13/2017,23.1,14.4,31.1,0,0,,14.8,,1008,
9/14/2017,21.5,12.8,30.6,0,0,,12.2,,1006.2,
9/15/2017,21.5,13.9,27.8,0,0,,16.9,,1003.6,
9/16/2017,16.7,11.1,22.8,0,0,102,16.6,,1012.7,
9/17/2017,14,9.4,20,0.5,0,155,19.1,,1017.6,
9/18/2017,17.1,8.9,27.2,0,0,125,14,,1012.1,
9/19/2017,20.6,7.8,28.3,0,0,184,24.8,,1001.1,
9/20/2017,13.4,4.4,21.7,0,0,138,23,,1010.4,
9/21/2017,17.9,6.7,29.4,0,0,146,20.9,,1004.4,
9/22/2017,21.9,13.9,28.3,0,0,188,27,,1002.1,
9/23/2017,15.2,7.8,16.7,27.2,0,,18.4,,1008.1,
9/24/2017,9.6,7.2,13.9,1.3,0,,11.2,,1012.7,
9/25/2017,10.3,7.2,14.4,7.4,0,,15.5,,1015.8,
9/26/2017,9.3,6.7,15,1.3,0,,10.8,,1020.8,
9/27/2017,10.1,8.3,10.6,13.7,0,,5.4,,1025.1,
9/28/2017,8.4,6.7,9.4,13.5,0,,13,,1026.8,
9/29/2017,9,8.3,12.8,1.3,0,,16.9,,1023.8,
9/30/2017,12.6,7.8,17.8,0,0,169,13.7,,1015.7,
10/1/2017,13.7,6.1,22.2,0,0,310,20.5,,1006.3,
10/2/2017,9.8,4.4,16.1,0,0,,13.7,,1008.6,
10/3/2017,7.7,4.4,13.9,0.5,0,162,12.6,,1022.1,
10/4/2017,11.3,9.4,15,1,0,,12.2,,1023.9,
10/5/2017,14.7,8.3,21.1,0.5,0,102,12.2,,1016.3,
10/6/2017,14.3,3.3,19.4,0,0,,14.8,,1009.2,
10/7/2017,12.4,1.7,25,0,0,130,12.6,,1008.4,
10/8/2017,17.7,3.3,23.9,0,0,353,25.9,,1000.6,
10/9/2017,4.6,-1,4.4,2.3,0,351,24.5,,1022.1,
10/10/2017,3.7,-3.8,14.4,0,0,,11.2,,1027.4,
10/11/2017,10.2,-1,23.9,0,0,,10.8,,1015.2,
10/12/2017,15.9,6.1,26.1,0,0,257,25.2,,1009.5,
10/13/2017,12.3,5,17.8,0,0,148,15.5,,1015.4,
10/14/2017,11.6,2.8,21.7,0,0,52,23.8,,1015.3,
10/15/2017,6.5,-4.3,16.1,0,0,,9.4,,1030.5,
10/16/2017,11.2,0.6,25,0,0,,11.2,,1025,
10/17/2017,13.4,4.4,23.3,0,0,65,10.8,,1019.5,
10/18/2017,15.1,5,25,0,0,11,11.9,,1016.4,
10/19/2017,13.8,3.9,22.8,0,0,90,13.7,,1014,
10/20/2017,14.5,6.1,24.4,0,0,223,19.1,,1001.5,
10/21/2017,12.7,0,17.2,0,0,344,24.1,,1008.9,
10/22/2017,7.3,-1.6,20,0,0,,9.7,,1021.6,
10/23/2017,10.2,1.7,14.4,0,0,,14.4,,1025.8,
10/24/2017,6,0,13.9,0,0,293,10.1,,1033.2,
10/25/2017,12.4,3.3,26.1,0,0,10,15.8,,1017.4,
10/26/2017,12,-1,17.2,0,0,346,31.7,,1013.4,
10/27/2017,1.1,-6.6,7.8,0,0,202,8.6,,1025.8,
10/28/2017,5,0,13.9,0,0,281,7.2,,1021,
10/29/2017,10.3,1.1,22.2,0,0,,14.8,,1012.7,
10/30/2017,2.6,-2.1,4.4,0.5,0,,15.5,,1021.7,
10/31/2017,1.5,-2.7,11.1,1,30,,15.8,,1013.7,
11/1/2017,10.3,1.1,21.7,0,0,,13.7,,1000.9,
11/2/2017,11.3,1.1,15,0,0,135,17.6,,,
11/3/2017,4.9,1.7,15,0,0,154,10.1,,1016.3,
11/4/2017,14.3,6.7,21.1,0,0,,23.4,,1006.9,
11/5/2017,9.1,0,11.7,0,0,178,16.9,,1010.1,
11/6/2017,3.2,-0.5,11.7,0,0,,9,,1017.3,
11/7/2017,1.4,-2.1,2.8,2.8,0,111,18,,1026.2,
11/8/2017,-1.7,-3.2,2.8,0.3,30,,7.9,,1026.2,
11/9/2017,1.8,-1,5,0,0,,11.2,,1023.7,
11/10/2017,2.3,-1,12.2,0,0,,5.8,,1017.4,
11/11/2017,7.6,0,18.9,0,0,,13,,,
11/12/2017,4.6,-3.2,10.6,0,0,,15.5,,1027.5,
11/13/2017,9.9,0.6,21.1,0,0,3,13.3,,1019.4,
11/14/2017,11.2,2.2,20,0,0,38,12.2,,1013.6,
11/15/2017,5.2,-2.7,10,0,0,133,17.6,,1021.8,
11/16/2017,8,-1.6,22.8,0,0,343,18,,1011.2,
11/17/2017,15.7,1.7,19.4,0.8,0,255,32,,1001.2,
11/18/2017,2.7,-5.5,6.7,0,0,358,14.4,,1023.3,
11/19/2017,2.6,-6,14.4,0,0,36,11.2,,1021.1,
11/20/2017,10.8,-0.5,19.4,0,0,309,20.5,,1009,
11/21/2017,9.7,-1.6,11.1,0,0,69,15.5,,1020.9,
11/22/2017,7.2,-1.6,19.4,0,0,,11.5,,1025,
11/23/2017,11,5,19.4,0,0,,8.3,,1018.4,
11/24/2017,15.1,3.9,23.3,0,0,16,16.2,,1009.1,
11/25/2017,8.1,1.7,17.2,0,0,,10.8,,1020.8,
11/26/2017,10.6,2.2,21.7,0,0,,10.8,,1020.6,
11/27/2017,13,5,24.4,0,0,78,15.1,,1006.2,
11/28/2017,7.1,-1,12.8,0,0,226,24.1,,1020.6,
11/29/2017,3.7,-4.3,18.3,0,0,,10.4,,,
11/30/2017,3,-3.2,7.8,0,0,131,14,,,
12/1/2017,8.1,0,19.4,0,0,,16.6,,1016.1,
12/2/2017,6.7,-2.7,16.7,0,0,120,14,,1018.9,
12/3/2017,8.1,0,19.4,0,0,,17.6,,1007.2,
12/4/2017,6.7,-7.7,10.6,0,0,304,31.3,,1011.5,
12/5/2017,-3.5,-12.1,6.7,0,0,,12.2,,1027.9,
12/6/2017,-3.3,-7.7,1.7,0,0,,11.2,,1032.8,
12/7/2017,-5.9,-14.9,2.8,0,0,,18.4,,1032.5,
12/8/2017,5.3,0,11.7,0,0,332,33.1,,1023,
12/9/2017,6.7,-2.1,15.6,0,0,330,12.2,,1027.4,
12/10/2017,3.6,-3.2,12.8,0,0,18,11.2,,1031,
12/11/2017,5.8,-1.6,14.4,0,0,23,12.6,,1028.4,
12/12/2017,4.8,-6,16.1,0,0,43,10.4,,1027.2,
12/13/2017,6.1,0,10,0,0,4,18.4,,1018.2,
12/14/2017,0.6,-6,3.3,0,0,,10.8,,1025.2,
12/15/2017,1.2,-7.7,14.4,0,0,7,10.4,,1019.6,
12/16/2017,5.6,-1,12.2,0,0,12,20.2,,1008.4,
12/17/2017,-2.1,-8.8,0,0,0,133,7.9,,1017.8,
12/18/2017,0.2,-8.8,13.3,0,0,,8.6,,1018.1,
12/19/2017,3.2,-4.9,10,0,0,,14.4,,1018.4,
12/20/2017,4.2,-5.5,18.3,0,0,,18.7,,1008.9,
12/21/2017,0.2,-10.5,5,0,0,345,25.2,,1012.8,
12/22/2017,-4.6,-13.2,5,0,0,,9.7,,1021.6,
12/23/2017,-2.1,-11.6,5,0,0,,16.9,,1016.8,
12/24/2017,-9.4,-15.5,-4.9,0,0,,7.9,,1028.4,
12/25/2017,-3.1,-12.1,7.2,0,0,,11.9,,1019.4,
12/26/2017,-10.7,-14.3,-9.3,0.3,0,,7.6,,1028.4,
12/27/2017,-8.3,-17.7,8.3,0,0,,10.4,,1027.9,
12/28/2017,5.3,-7.1,13.9,0,0,,11.9,,1022.4,
12/29/2017,5.6,-5.5,20,0,0,97,14,,1017.7,
12/30/2017,-3.3,-8.8,3.9,0,0,,13.7,,1019.6,
12/31/2017,-5,-12.7,-1.6,0,0,152,14.8,,,
1/1/2018,-10.4,-17.1,-1,0,0,,7.6,,1031.8,
1/2/2018,-4.1,-10.5,6.1,0,0,,13,,1030.4,
1/3/2018,-1.7,-9.3,8.3,0,0,,11.2,,1028.9,
1/4/2018,2.2,-5.5,11.1,0,0,59,12.6,,1024,
1/5/2018,2.6,-6.6,12.2,0,0,28,10.4,,1023.6,
1/6/2018,3.6,-1.6,12.2,0,0,,8.6,,1017.6,
1/7/2018,5.6,-3.2,10.6,0,0,64,18.4,,1016.3,
1/8/2018,3.1,-4.9,13.3,0,0,77,9,,1019.1,
1/9/2018,10.6,3.9,20,0,0,,16.6,,1007.2,
1/10/2018,8.9,-3.2,14.4,2,0,,15.1,,998.9,
1/11/2018,-0.9,-6.6,2.8,0,0,201,15.1,,1020.1,
1/12/2018,0.4,-7.7,11.1,0,0,,18.4,,1022.8,
1/13/2018,0.6,-6,8.3,0,0,63,9.4,,1028.2,
1/14/2018,0,-6.6,8.3,0,0,,11.5,,1027.9,
1/15/2018,-2.9,-10.5,2.8,0,0,19,19.8,,1032.1,
1/16/2018,-9,-18.2,0.6,0,0,,7.9,,1037.5,
1/17/2018,-0.9,-11,12.8,0,0,15,12.6,,1028.5,
1/18/2018,2.2,-6.6,14.4,0,0,43,10.8,,1020.9,
1/19/2018,7.5,-1,21.1,0,0,,11.5,,1008.7,
1/20/2018,11.4,-2.7,17.2,0,0,256,20.5,,1004,
1/21/2018,-1.4,-6,-1,2,0,337,23.8,,1010.6,
1/22/2018,-2.7,-8.2,6.7,0,30,338,16.9,,1020.2,
1/23/2018,-1.7,-10.5,5,0,0,,11.2,,1026.7,
1/24/2018,-0.3,-9.9,11.1,0,0,,10.1,,1025.5,
1/25/2018,5.3,-3.2,16.7,0,0,145,18.7,,1012.3,
1/26/2018,4.9,-6.6,7.8,0,0,301,22.7,,1014.2,
1/27/2018,-0.9,-9.9,7.8,0,0,,9.7,,1026.8,
1/28/2018,1.6,-6.6,11.1,0,0,66,9.7,,1029.7,
1/29/2018,1.3,-6.6,12.2,0,0,,9,,1031.6,
1/30/2018,6.2,-0.5,15.6,0,0,,12.2,,1016,
1/31/2018,7.3,-4.3,14.4,0,0,48,14.4,,1010.9,
2/1/2018,-1.7,-7.1,1.7,0,0,,13.7,,1025.4,
2/2/2018,-0.1,-8.2,12.8,0,0,77,8.3,,1022.7,
2/3/2018,6.5,-3.8,16.7,0,0,349,16.6,,1011.1,
2/4/2018,-0.6,-8.2,2.8,0,0,,11.5,,1018.5,
2/5/2018,3.4,-7.1,14.4,0.3,0,,27,,1013.5,
2/6/2018,-2.8,-7.1,9.4,0.5,0,173,11.5,,1019.9,
2/7/2018,-1.7,-7.1,9.4,0,0,,7.6,,1027.2,
2/8/2018,4.8,-3.8,16.1,0,0,,16.2,,1020.8,
2/9/2018,6.1,-7.7,10.6,0,0,,13,,1013.4,
2/10/2018,-8.2,-11,-6.6,4.8,0,169,15.1,,1017.9,
2/11/2018,-8.9,-17.1,-2.7,0,80,,9,,1022.8,
2/12/2018,-5.4,-9.3,0.6,0,30,,7.6,,1019.6,
2/13/2018,0.1,-7.7,14.4,0,30,,12.2,,1021.9,
2/14/2018,8.1,0,17.2,0,0,99,27.7,,1012.3,
2/15/2018,7.9,-4.9,13.3,0.8,0,272,24.5,,1011.6,
2/16/2018,-3.6,-6.6,3.9,0.3,30,117,16.6,,,
2/17/2018,3.9,-0.5,9.4,0,0,122,24.5,,1015.5,
2/18/2018,8.6,0,18.3,0,0,,25.9,,999.4,
2/19/2018,-2,-11.6,7.2,3.3,0,138,15.5,,1003.4,
2/20/2018,-10.8,-16.6,-6.6,0,80,155,12.2,,1020.7,
2/21/2018,-9.9,-17.1,-3.2,0,50,155,13,,1029.2,
2/22/2018,-7.2,-10.5,2.2,0,0,,6.1,,1020.7,
2/23/2018,-3.9,-10.5,3.9,0.3,0,,11.2,,1019.4,
2/24/2018,-3,-8.2,3.3,0,0,,18,,1011.9,
2/25/2018,-2.7,-9.9,5,0,0,,13.7,,1016.9,
2/26/2018,1.3,-7.7,14.4,0,0,131,19.1,,1014.4,
2/27/2018,7.4,-1,15.6,0,0,188,15.8,,1008.2,
2/28/2018,4.8,-3.8,9.4,0,0,346,17.6,,1010.5,
3/1/2018,0.9,-6.6,10,0,0,,17.3,,1020.3,
3/2/2018,8.2,-1,18.3,0,0,190,22.3,,1012.3,
3/3/2018,12.4,1.7,20.6,0,0,183,23,,1008.2,
3/4/2018,11.6,-0.5,17.2,0,0,222,36.7,,1002,
3/5/2018,1.8,-6.6,5.6,0,0,296,35.3,,1017,
3/6/2018,-0.3,-6,8.3,0,0,,15.1,,1024.8,
3/7/2018,0.4,-9.9,11.1,0,0,142,12.6,,1024.5,
3/8/2018,5.3,-4.9,16.7,0,0,97,13,,1015.3,
3/9/2018,9.9,2.2,18.3,0,0,311,19.4,,1008,
3/10/2018,8.1,-2.7,15.6,0,0,357,23.4,,1012.7,
3/11/2018,1.7,-6.6,10,0,0,,8.6,,,
3/12/2018,3.2,-7.1,13.9,0,0,,13,,1024.4,
3/13/2018,4.4,-4.3,11.1,0,0,111,14.8,,1024.7,
3/14/2018,7.6,-2.7,18.9,0,0,104,13.3,,1014.5,
3/15/2018,11.3,1.7,20,3,0,333,19.1,,998.5,
3/16/2018,7.3,0,13.9,0,0,333,21.2,,1003.7,
3/17/2018,5.4,-2.7,15,0,0,143,16.9,,1010.7,
3/18/2018,7.4,-1.6,16.1,0.3,0,,24.8,,1003,
3/19/2018,2.2,-3.2,6.7,0,0,332,24.1,,1015.4,
3/20/2018,1.8,-6.6,10.6,0,0,40,11.2,,1018.2,
3/21/2018,4.8,-4.3,15,0,0,134,15.5,,1017.8,
3/22/2018,10.9,1.1,22.8,0,0,147,20.2,,1015.6,
3/23/2018,17.4,6.1,21.1,0,0,,37.4,,1004.6,
3/24/2018,9.7,-1,16.7,0,0,164,19.1,,1011.1,
3/25/2018,13.7,3.9,20,0,0,170,24.1,,1002.7,
3/26/2018,5.9,-1,14.4,6.9,0,113,16.2,,,
3/27/2018,1.9,-2.1,7.2,2.8,80,,11.9,,1020.2,
3/28/2018,3,-3.2,9.4,2.3,0,4,16.6,,1014.1,
3/29/2018,2.2,-3.2,9.4,0,0,,15.5,,1019.3,
3/30/2018,4.1,-2.7,19.4,0,0,,16.9,,1019,
3/31/2018,10.2,-2.1,13.9,0,0,118,23,,1015.2,
4/1/2018,0.8,-6,8.3,0,0,156,16.2,,1017.4,
4/2/2018,8.6,-2.7,24.4,0,0,250,19.4,,1000,
4/3/2018,6.6,-2.7,8.9,0,0,30,24.5,,1012,
4/4/2018,5.5,-5.5,18.9,0,0,,12.2,,1016.1,
4/5/2018,11.7,2.8,18.9,0,0,,12.2,,1011.4,
4/6/2018,5.2,-6.6,7.2,0.8,0,92,17.6,,,
4/7/2018,-4.2,-7.1,6.7,1.8,0,,10.4,,1018.4,
4/8/2018,9.2,2.8,18.3,0.5,0,326,20.5,,1005.1,
4/9/2018,7.1,1.7,11.7,0.8,0,111,10.4,,1020.4,
4/10/2018,8.1,-2.7,19.4,0,0,122,12.2,,1021.3,
4/11/2018,14.9,4.4,25.6,0,0,,19.4,,1007.3,
4/12/2018,19,6.1,23.9,0,0,209,32.4,,993.7,
4/13/2018,6.9,-2.1,7.2,1.3,0,350,40.7,,,
4/14/2018,2.1,-2.1,12.2,0,30,346,29.5,,1020.3,
4/15/2018,6,-3.2,16.1,0,0,,10.8,,1019.9,
4/16/2018,10.6,-1.6,24.4,0,0,,18.4,,1010.5,
4/17/2018,16.1,2.8,20.6,0,0,245,40.3,,1001,
4/18/2018,5.8,-1.6,13.3,0,0,92,12.6,,1021.7,
4/19/2018,7.2,-1,17.8,0,0,140,20.2,,1020.9,
4/20/2018,7.5,0,11.1,20.3,0,121,24.1,,1013.2,
4/21/2018,1.6,0,5,0.5,100,,14.4,,1022,
4/22/2018,6.7,-0.5,18.9,0,0,,11.9,,1021.3,
4/23/2018,9.8,2.2,19.4,0,0,,14.8,,1016.9,
4/24/2018,5.7,0,6.7,1.5,0,348,29.9,,1026.6,
4/25/2018,3.8,-2.1,17.2,0,0,,9,,1025.8,
4/26/2018,8.8,1.7,13.9,0,0,,29.2,,1020.7,
4/27/2018,9.6,-1,20.6,0,0,,9.4,,1019.3,
4/28/2018,13.9,3.9,22.2,0,0,,16.6,,1011.8,
4/29/2018,18.1,8.9,26.1,0,0,206,22.3,,1002.9,
4/30/2018,17.8,10.6,24.4,0,0,202,25.6,,999.6,
5/1/2018,13.5,5.6,21.1,0,0,89,23,,1004.5,
5/2/2018,11.3,7.2,18.3,2.5,0,,14.4,,1009.4,
5/3/2018,7.9,5,12.2,1.3,0,331,23.4,,1013.8,
5/4/2018,11.2,3.9,20,0,0,,10.4,,1024,
5/5/2018,14.7,5,23.9,0,0,,8.3,,1020.6,
5/6/2018,17.6,6.1,25.6,0,0,93,11.5,,1018.6,
5/7/2018,17.9,7.2,27.2,0,0,,13,,1015.7,
5/8/2018,21.3,10.6,26.7,0,0,,19.1,,1011.4,
5/9/2018,18.3,8.3,27.2,0,0,,10.8,,1012.4,
5/10/2018,19.1,7.2,31.1,0,0,155,22.7,,1005.8,
5/11/2018,18.7,10.6,26.1,0,0,78,24.8,,1002,
5/12/2018,16.6,11.1,23.3,0,0,,18.4,,1008.2,
5/13/2018,16.4,11.1,25,0.5,0,141,20.9,,1010.4,
5/14/2018,15.4,10.6,22.8,0.8,0,41,19.8,,,
5/15/2018,15.1,8.3,21.7,0.3,0,189,15.8,,1015.9,
5/16/2018,16.4,7.2,27.8,0,0,,10.8,,1013.1,
5/17/2018,19.9,8.9,30.6,0,0,168,20.2,,1005.4,
5/18/2018,17.6,9.4,22.2,0.5,0,,27.4,,1006.1,
5/19/2018,11.2,6.7,13.9,1.5,0,348,27.4,,1015.4,
5/20/2018,8.2,5.6,13.9,1.5,0,167,12.2,,1021.6,
5/21/2018,14.8,7.2,27.2,0,0,,14,,1013.5,
5/22/2018,17.2,8.3,27.8,0,0,124,16.9,,1008.6,
5/23/2018,19.2,11.1,28.9,0,0,,18.4,,1009.4,
5/24/2018,21.2,11.1,28.9,0,0,356,15.8,,1011.8,
5/25/2018,20.5,10,31.1,0,0,,14.8,,1011.8,
5/26/2018,22.4,10,32.8,0,0,129,16.9,,1006.2,
5/27/2018,22.9,11.7,30.6,0,0,113,23,,1003.6,
5/28/2018,18.4,12.8,23.9,1.3,0,356,25.6,,1008,
5/29/2018,16.2,8.3,26.1,0.3,0,,13.3,,1009.3,
5/30/2018,18.1,11.1,25.6,26.7,0,108,19.4,,1008.6,
5/31/2018,19.9,8.9,31.1,0,0,,16.2,,1006.8,
6/1/2018,23,11.1,32.2,0,0,336,20.2,,1004.4,
6/2/2018,18.8,10.6,24.4,0,0,100,20.5,,1018.5,
6/3/2018,15.9,8.9,21.7,0,0,139,18,,1019.6,
6/4/2018,19.7,8.9,31.1,0,0,23,12.6,,1011.9,
6/5/2018,23.8,12.2,33.3,0,0,,10.8,,1008.4,
6/6/2018,23.6,12.2,32.2,0,0,91,16.2,,1006.9,
6/7/2018,21.8,14.4,28.3,0,0,145,16.6,,1011.1,
6/8/2018,23,11.7,33.9,0,0,152,17.6,,1010.8,
6/9/2018,25.2,13.9,35,0,0,259,16.2,,1007.1,
6/10/2018,25.2,13.9,33.9,0,0,204,19.1,,1000.8,
6/11/2018,24.1,15,29.4,0,0,116,21.6,,1006.3,
6/12/2018,22.1,10.6,30.6,0.8,0,,13.3,,1011.9,
6/13/2018,22.7,16.1,30.6,15.2,0,180,14.4,,,
6/14/2018,23.4,13.3,34.4,0,0,34,12.2,,1005.9,
6/15/2018,25.3,16.7,33.3,0.3,0,15,14.4,,1002.5,
6/16/2018,23.7,15,28.3,0,0,156,18.4,,1001.1,
6/17/2018,20.8,13.9,28.9,7.6,0,13,16.9,,1006.2,
6/18/2018,19.2,13.3,29.4,0,0,,18.4,,1010.7,
6/19/2018,20.9,14.4,28.9,0,0,46,25.2,,1010.6,
6/20/2018,18.6,10.6,26.1,0,0,,11.9,,1015.1,
6/21/2018,19.6,10,30,0,0,,10.8,,1014.9,
6/22/2018,20.1,14.4,26.7,2.5,0,,12.6,,1009.7,
6/23/2018,20.3,10.6,31.7,0,0,77,16.6,,1007.3,
6/24/2018,17.3,11.1,21.1,6.6,0,8,23,,1011.3,
6/25/2018,16.9,8.9,27.2,0,0,,8.6,,1014.7,
6/26/2018,24.3,10.6,35,0,0,,9.4,,1010.4,
6/27/2018,27.7,15,37.2,0,0,53,16.6,,1008.1,
6/28/2018,29.2,16.1,37.8,0,0,189,18.7,,1004.1,
6/29/2018,27.7,17.8,35.6,0,0,114,18,,1002,
6/30/2018,22.3,13.9,30,3.3,0,,25.6,,1008.2,
7/1/2018,19,13.3,29.4,0,0,150,22,,1013.8,
7/2/2018,23.6,12.8,35.6,0,0,,18.4,,1010.5,
7/3/2018,24.1,12.8,34.4,0,0,24,15.5,,1008.1,
7/4/2018,27,16.7,35,2.3,0,,19.1,,,
7/5/2018,21.1,14.4,28.3,24.1,0,305,14.8,,1027,
7/6/2018,18.8,13.3,29.4,0,0,128,10.4,,1025.8,
7/7/2018,23.5,14.4,32.2,0,0,107,11.9,,1018.6,
7/8/2018,24.6,15,32.8,0,0,,9.4,,1016.1,
7/9/2018,23.9,14.4,31.1,0,0,,13.3,,1018.9,
7/10/2018,24.4,13.3,32.8,0,0,,13.3,,1015.7,
7/11/2018,23.9,13.9,31.1,0.3,0,64,14.8,,1012.2,
7/12/2018,22,14.4,30,6.9,0,,17.6,,,
7/13/2018,23.5,16.7,30.6,0,0,16,16.2,,1016.9,
7/14/2018,23.5,15,32.2,4.1,0,139,11.9,,1015.7,
7/15/2018,21.6,15.6,27.8,11.2,0,9,14.4,,1017,
7/16/2018,19.9,15,26.7,0,0,140,13.3,,1018.3,
7/17/2018,21.6,16.1,27.2,0,0,97,15.1,,1017.3,
7/18/2018,23.2,13.3,33.3,0,0,121,12.2,,1014.3,
7/19/2018,26.9,17.8,34.4,0,0,,11.9,,1011.3,
7/20/2018,28.1,20,36.1,0,0,359,16.9,,1010.9,
7/21/2018,26.4,19.4,34.4,2,0,71,12.2,,1013.3,
7/22/2018,24.8,16.1,33.9,7.6,0,8,16.6,,1015.6,
7/23/2018,21.4,15,26.7,23.9,0,340,15.8,,1020.9,
7/24/2018,19.6,15,26.7,0.5,0,113,10.8,,1020.7,
7/25/2018,22.3,15.6,31.1,16.8,0,348,20.9,,1017.9,
7/26/2018,19.1,15.6,25,2.8,0,71,14.4,,1020.4,
7/27/2018,18.5,13.9,25.6,3.8,0,168,16.9,,1019.3,
7/28/2018,18.7,12.8,26.7,6.9,0,90,10.8,,1018.3,
7/29/2018,17.9,12.8,23.9,0.3,0,110,15.5,,1017.8,
7/30/2018,18.8,12.2,24.4,0,0,21,10.8,,1021.6,
7/31/2018,18.3,11.1,27.2,0,0,140,9,,1020.4,
8/1/2018,20.3,12.8,28.3,0.8,0,98,9.7,,1016.8,
8/2/2018,20.9,12.8,30,0,0,112,9.7,,1014.5,
8/3/2018,22.3,15.6,28.3,3,0,350,13.7,,1011.8,
8/4/2018,22.8,14.4,31.7,1.5,0,282,15.8,,1012.3,
8/5/2018,21.8,15,29.4,0.3,0,75,18,,1012.5,
8/6/2018,20.5,15,25.6,30.2,0,8,13.7,,1016.2,
8/7/2018,19.1,13.3,25.6,0.5,0,138,11.9,,1017.2,
8/8/2018,19.7,12.8,25.6,0.3,0,105,7.6,,1018,
8/9/2018,20.4,13.3,27.2,0,0,111,9.7,,1019,
8/10/2018,21.2,12.8,26.7,0,0,132,11.5,,1019.3,
8/11/2018,20.7,11.7,27.2,0,0,154,14,,1018.9,
8/12/2018,19.8,11.1,26.7,0,0,119,13.3,,1016.6,
8/13/2018,20.6,11.1,29.4,0,0,78,11.2,,1011.9,
8/14/2018,20.8,13.3,27.8,32.3,0,96,14.8,,1013.3,
8/15/2018,19.5,13.3,27.2,0,0,157,14.4,,1013.7,
8/16/2018,21.3,14.4,30.6,0,0,1,12.2,,1015.7,
8/17/2018,20.6,15,27.2,8.6,0,130,11.2,,1019.5,
8/18/2018,18.2,14.4,26.7,0.8,0,108,13.7,,1016.8,
8/19/2018,18.1,12.8,23.9,0,0,354,22.3,,1017.1,
8/20/2018,16.4,10.6,23.3,0,0,172,11.2,,1020.2,
8/21/2018,16.3,10,21.1,3.8,0,113,13,,1021.5,
8/22/2018,16.3,13.9,21.7,0,0,152,12.6,,1020.6,
8/23/2018,20.9,13.9,30.6,0,0,356,14.4,,1012.7,
8/24/2018,21.7,13.9,28.9,0,0,144,12.2,,1011,
8/25/2018,22.6,13.9,30.6,0,0,99,10.4,,1011.2,
8/26/2018,23.1,15.6,31.7,0.5,0,2,11.9,,1008.3,
8/27/2018,24.1,17.2,30.6,0,0,263,19.4,,1004.8,
8/28/2018,21.5,13.9,26.1,0,0,119,18.4,,1011.7,
8/29/2018,18.4,12.8,27.8,0,0,150,16.6,,1016.4,
8/30/2018,22.2,12.2,32.8,0,0,95,13,,1012,
8/31/2018,22.9,16.7,28.9,0,0,16,12.2,,1009.3,
9/1/2018,20.4,12.2,27.8,0.5,0,13,12.2,,1010.1,
9/2/2018,18.8,14.4,25,1.8,0,322,11.9,,1013,
9/3/2018,18.6,12.8,25,0,0,127,9,,1014.4,
9/4/2018,18.9,10.6,28.3,0,0,37,11.9,,1013.7,
9/5/2018,17.8,13.3,24.4,10.4,0,346,13,,1021.8,
9/6/2018,15.8,12.2,21.1,0.3,0,182,12.6,,1024.2,
9/7/2018,17.1,11.1,23.9,0,0,111,9.7,,1021.6,
9/8/2018,17,12.2,23.3,0,0,156,10.4,,1017.4,
9/9/2018,19.2,12.8,30.6,0,0,109,6.8,,1013.1,
9/10/2018,20.6,10.6,31.1,0,0,64,11.5,,1011.5,
9/11/2018,21.3,11.7,32.2,0,0,358,11.2,,1008.8,
9/12/2018,22.7,12.8,32.8,0,0,52,12.2,,1006.8,
9/13/2018,24.1,15.6,32.8,0,0,84,16.9,,1007.7,
9/14/2018,24.9,15.6,32.2,0,0,356,14.4,,1010.6,
9/15/2018,21.6,11.7,31.7,0,0,93,13,,1012.5,
9/16/2018,22.9,12.2,33.3,0,0,170,11.2,,1011.1,
9/17/2018,24.7,15.6,32.8,0,0,38,15.5,,1009.9,
9/18/2018,24.8,15.6,33.9,0,0,68,14.8,,1008,
9/19/2018,24.1,15,32.8,0,0,9,15.5,,1005.2,
9/20/2018,20.1,13.9,26.7,1.3,0,125,14.4,,1007.5,
9/21/2018,16.1,8.9,21.1,0,0,113,20.2,,1021.4,
9/22/2018,16.9,6.1,29.4,0,0,115,11.5,,1017.7,
9/23/2018,21.2,10.6,30.6,0,0,211,15.1,,1009.9,
9/24/2018,19,12.8,23.9,0.3,0,16,16.2,,1008.3,
9/25/2018,14,6.7,18.9,0,0,55,18.4,,1018.4,
9/26/2018,11.1,5,19.4,0,0,144,10.4,,1021.9,
9/27/2018,15.4,6.7,25.6,0,0,90,13.7,,1014,
9/28/2018,12.3,4.4,16.1,0,0,158,19.4,,1018.3,
9/29/2018,11.9,4.4,29.4,0,0,192,12.2,,1015.2,
9/30/2018,16.4,7.8,20,0,0,156,16.9,,1013.8,
10/1/2018,13.5,7.2,25,0,0,164,9,,1016.5,
10/2/2018,17.3,10.6,27.8,0,0,176,10.8,,1012.1,
10/3/2018,21.6,11.7,30,0.5,0,76,15.5,,1006.7,
10/4/2018,13.8,7.2,18.9,0,0,141,18.7,,1013.9,
10/5/2018,14.8,6.7,26.1,0,0,48,19.8,,1009.7,
10/6/2018,7.5,4.4,11.1,0,0,153,18.4,,1016.1,
10/7/2018,6.5,4.4,9.4,5.1,0,109,12.6,,1011.8,
10/8/2018,5.9,3.3,6.7,5.1,0,23,14,,1012.5,
10/9/2018,4.2,1.1,5,1.5,0,19,13.7,,1013.7,
10/10/2018,1.3,0,2.8,6.1,30,149,14,,1017.2,
10/11/2018,1.7,0.6,4.4,0.3,0,168,13.3,,1018.9,
10/12/2018,5.4,0.6,13.3,0,0,126,14,,1016.6,
10/13/2018,9.8,0.6,19.4,0,0,37,17.6,,1007.7,
10/14/2018,-1.1,-6.6,0.6,0.5,0,3,25.9,,1023.1,
10/15/2018,-2.7,-8.8,5.6,0,0,133,7.9,,1032.7,
10/16/2018,3.7,-4.3,14.4,0,0,14,9.7,,1030.9,
10/17/2018,6,0.6,12.2,0,0,167,16.9,,1032.1,
10/18/2018,6.3,-0.5,13.3,0,0,111,13.7,,1025.4,
10/19/2018,11.5,1.7,19.4,0,0,344,16.9,,1023.9,
10/20/2018,9.9,0.6,20,0,0,133,9.7,,1027.7,
10/21/2018,12.2,1.7,23.9,0,0,9,12.2,,1019.8,
10/22/2018,12.8,4.4,22.2,0,0,118,13,,1019,
10/23/2018,10.7,3.9,16.1,0,0,142,10.8,,1021.1,
10/24/2018,9.8,5.6,10.6,10.2,0,114,7.2,,1016.1,
10/25/2018,10.3,4.4,18.3,0,0,342,15.5,,1014.9,
10/26/2018,11.7,3.9,18.3,0,0,344,9.4,,1016.6,
10/27/2018,12.4,4.4,24.4,0,0,356,14,,1016.4,
10/28/2018,11.8,3.3,19.4,0,0,140,9.4,,1019.9,
10/29/2018,13.3,5.6,24.4,0,0,351,17.6,,1010.6,
10/30/2018,8.6,0.6,9.4,8.4,0,347,14.4,,1015.4,
10/31/2018,1.5,-2.1,4.4,3.3,80,276,9.7,,1021.1,
11/1/2018,4,-2.1,11.7,0,0,345,13.7,,1016.3,
11/2/2018,5.2,-2.1,15.6,0,0,230,9,,1013.6,
11/3/2018,8.2,0,11.7,0.8,0,342,22,,1013.1,
11/4/2018,2.8,-2.1,11.1,0,0,77,8.6,,1012.4,
11/5/2018,7.8,-1.6,13.3,0,0,329,15.8,,1008.3,
11/6/2018,4.3,-2.7,10.6,0,0,108,14.8,,1015.6,
11/7/2018,2.7,-2.1,6.7,0,0,140,17.3,,1020.7,
11/8/2018,1.2,-4.3,6.7,0,0,69,10.4,,1023.4,
11/9/2018,-1.7,-7.1,5,0,0,108,13,,1028.7,
11/10/2018,2.1,-7.7,15.6,0,0,72,13,,1016.2,
11/11/2018,-1.3,-5.5,0,4.1,0,36,16.6,,1024.3,
11/12/2018,-5.4,-11.6,-2.7,0,30,323,14.4,,1035.8,
11/13/2018,-2.3,-11.6,8.9,0,0,353,12.6,,1035.5,
11/14/2018,3.9,-3.2,13.9,0,0,329,10.4,,1028,
11/15/2018,8.3,-1,17.2,0,0,16,13.3,,1019.8,
11/16/2018,4.7,-3.2,17.2,0,0,28,10.1,,1016.6,
11/17/2018,1.1,-5.5,2.8,1.5,0,136,14.4,,1023.2,
11/18/2018,-3.3,-6,3.9,0,0,225,7.2,,1024.9,
11/19/2018,0.4,-4.3,7.8,0,0,120,11.9,,1025.4,
11/20/2018,2.5,-6,12.8,0,0,88,9,,1025,
11/21/2018,4.2,-4.3,15.6,0,0,48,9.4,,1023,
11/22/2018,4.9,-3.2,15,0,0,346,14.8,,1012.8,
11/23/2018,7.8,-1,11.7,0,0,320,29.9,,1007,
11/24/2018,5.1,-2.7,15.6,1.3,0,18,25.9,,1002.9,
11/25/2018,-0.6,-7.7,5,0,30,356,21.2,,1022.2,
11/26/2018,-2.7,-9.9,6.1,0,0,31,10.4,,1025.8,
11/27/2018,4.2,-1,11.7,0,0,348,7.9,,1015.4,
11/28/2018,8.4,2.2,16.1,0,0,97,10.1,,1006.2,
11/29/2018,5.7,-2.1,12.2,0,0,102,12.2,,1006.8,
11/30/2018,2.1,-4.3,7.2,0,0,358,14.8,,1002.3,
12/1/2018,2.2,-4.9,8.9,0,0,344,19.1,,1003,
12/2/2018,-2.7,-8.2,1.7,0.3,0,24,8.3,,1014,
12/3/2018,-3.6,-6.6,-0.5,0.3,0,181,9.4,,1023.4,
12/4/2018,-3.5,-9.9,2.8,0,0,347,12.6,,1026.6,
12/5/2018,-1.3,-9.9,10,0,0,33,13,,1019.8,
12/6/2018,-4.9,-11,-3.8,0,0,126,13,,1026.5,
12/7/2018,-3.4,-11,5,0,0,152,12.6,,1028.1,
12/8/2018,-0.9,-7.7,7.8,0,0,110,9,,1026.6,
12/9/2018,-0.7,-7.7,7.2,0,0,358,10.8,,1030.5,
12/10/2018,-1.3,-9.9,10.6,0,0,43,9.7,,1026.3,
12/11/2018,6.9,-6.6,15,0,0,345,16.9,,1014.9,
12/12/2018,4.2,-6,16.1,0,0,331,19.4,,1008.2,
12/13/2018,0.7,-7.7,6.1,0,0,347,20.9,,1024.5,
12/14/2018,-0.3,-8.2,10,0,0,90,11.2,,1028.1,
12/15/2018,4.4,-4.9,15,0,0,8,8.6,,1020.7,
12/16/2018,3.1,-4.3,12.8,0,0,42,12.2,,1027.4,
12/17/2018,2.6,-6,13.9,0,0,1,12.2,,1020,
12/18/2018,7.2,-2.1,12.8,0,0,349,11.5,,1013.5,
12/19/2018,4.3,-5.5,10.6,0,0,345,22,,1015,
12/20/2018,-0.7,-6.6,6.1,0,0,4,10.4,,1025.1,
12/21/2018,3.2,-7.1,16.1,0,0,336,18.7,,1010.4,
12/22/2018,1.6,-7.7,6.7,0.5,0,84,14,,1017.8,
12/23/2018,-3.2,-9.9,4.4,0,0,73,7.9,,1025.5,
12/24/2018,1.3,-6,7.8,0,0,75,14.4,,1017,
12/25/2018,-0.1,-6.6,6.1,0,0,102,11.9,,1016.8,
12/26/2018,-0.5,-7.7,7.8,0,0,48,19.1,,1010,
12/27/2018,-3.6,-8.8,-1,0,0,350,30.2,,1011.6,
12/28/2018,-8.1,-11.6,-5.5,1,0,153,12.6,,1023.7,
12/29/2018,-8.6,-16.6,-0.5,0.3,30,99,6.5,,1023.4,
12/30/2018,-0.8,-9.9,12.2,0,0,17,11.9,,1008,
12/31/2018,-4.1,-14.3,0.6,0,0,345,28.4,,1014.7,
1/1/2019,-14.6,-17.7,-10.5,0.3,0,149,9.7,,1028,
1/2/2019,-8.6,-15.5,3.3,0,0,349,9.4,,1024,
1/3/2019,-0.7,-9.3,12.8,0,0,358,9.4,,1019.2,
1/4/2019,4.8,-3.2,16.1,0,0,31,12.2,,1017.2,
1/5/2019,6.1,-2.1,17.2,0,0,12,11.2,,1014.3,
1/6/2019,7.5,-1,15.6,0,0,226,13,,1003.9,
1/7/2019,5.2,-4.9,11.1,0,0,304,25.6,,1010.7,
1/8/2019,1.4,-7.7,6.1,0,0,162,10.4,,1029.6,
1/9/2019,-1.7,-8.2,9.4,0,0,62,5.8,,1029,
1/10/2019,6.7,1.1,15,0,0,69,8.6,,1017.1,
1/11/2019,3.4,-0.5,8.9,4.6,0,326,23.8,,1017.1,
1/12/2019,0.4,-1.6,3.3,0.3,0,350,10.4,,1024.7,
1/13/2019,-1,-6.6,3.9,0,0,109,6.5,,1027.1,
1/14/2019,0.3,-7.7,10,0,0,358,8.6,,1026,
1/15/2019,0.8,-7.1,12.2,0,0,40,11.2,,1021.6,
1/16/2019,4.1,-2.7,13.3,0,0,322,13.7,,1015,
1/17/2019,5.6,-3.2,15,0,0,190,16.9,,1014,
1/18/2019,4.6,-3.2,10.6,0.3,0,3,23,,1010.1,
1/19/2019,0.1,-4.9,6.1,0,0,338,12.2,,1024.8,
1/20/2019,3.6,-3.8,15.6,0,0,57,10.4,,1017.7,
1/21/2019,6.7,-3.8,15.6,0.8,0,227,23.8,,998.7,
1/22/2019,-2.7,-14.3,-2.7,0,30,344,29.5,,1018.1,
1/23/2019,-4.7,-14.9,5.6,0,30,33,15.5,,1019.6,
1/24/2019,-3.6,-7.7,-1,0,0,126,13.3,,1023.4,
1/25/2019,-4.7,-9.3,2.2,0,0,270,12.2,,1024.3,
1/26/2019,-1.4,-8.2,7.8,0,0,348,16.2,,1023.8,
1/27/2019,1.9,-7.1,11.1,0,0,312,13,,1015.7,
1/28/2019,-0.7,-10.5,0.6,0.8,0,4,18.7,,1022,
1/29/2019,-6.7,-14.3,1.7,0,30,6,9.4,,1023.1,
1/30/2019,-3.1,-12.7,11.1,0,0,83,10.4,,1016.1,
1/31/2019,1.3,-7.1,10.6,0,0,133,10.4,,1015.2,
2/1/2019,3.2,-5.5,13.9,0,0,53,11.5,,1016.6,
2/2/2019,4.7,-4.3,17.2,0,0,20,10.4,,1009.9,
2/3/2019,8.1,0.6,17.2,0,0,267,19.1,,1000,
2/4/2019,8.6,-2.7,14.4,0,0,130,24.1,,1003.5,
2/5/2019,1.8,-6,12.8,0,0,150,19.4,,1004.6,
2/6/2019,2.5,-14.3,10.6,0.5,0,169,25.6,,1002.7,
2/7/2019,-11.9,-16.6,-7.1,0,30,151,9,,1024.1,
2/8/2019,-9,-16.6,2.2,0,0,125,11.9,,1027.6,
2/9/2019,0.4,-4.9,8.9,0,0,127,17.3,,1015.8,
2/10/2019,2.2,-8.8,7.2,0,0,112,15.8,,1011.1,
2/11/2019,-2.2,-11.6,8.3,0,0,358,16.2,,1009.1,
2/12/2019,0.2,-8.2,10.6,0,0,89,11.2,,1019.8,
2/13/2019,5.2,-4.3,17.8,0,0,56,19.8,,1005.1,
2/14/2019,11.8,-3.2,16.1,0,0,287,30.6,,1001.1,
2/15/2019,1.3,-6.6,15.6,0,0,140,13.3,,1006.9,
2/16/2019,0.8,-8.8,9.4,0.3,0,300,20.5,,1002.3,
2/17/2019,-2.8,-8.8,2.8,0,0,51,15.5,,1013.2,
2/18/2019,-10.7,-14.9,-8.2,1.5,30,148,20.9,,1025.2,
2/19/2019,-12.4,-13.8,-8.2,0.5,30,120,10.1,,1017.4,
2/20/2019,-8.4,-16.6,1.7,0,30,122,9.4,,1009.5,
2/21/2019,-5,-11.6,2.8,0,0,42,12.6,,1011.6,
2/22/2019,-2.3,-7.1,5,3.3,0,58,15.5,,1011.1,
2/23/2019,-1.3,-7.1,5,1.3,80,334,20.9,,1013.3,
2/24/2019,-2.1,-9.3,3.9,0,50,139,13.7,,1022.4,
2/25/2019,0.9,-7.1,12.2,0,0,145,11.9,,1015.5,
2/26/2019,3.3,-4.9,18.9,0,0,211,9.7,,1014,
2/27/2019,0.9,-8.2,6.7,0,0,194,9,,1018.3,
2/28/2019,0.4,-8.2,11.7,0,0,141,14.8,,1016.3,
3/1/2019,4.1,-3.8,13.3,0.5,0,99,17.3,,1013.9,
3/2/2019,-3.6,-11,-2.7,6.1,0,149,13.7,,1019.2,
3/3/2019,-12.4,-16.6,-11,3.3,100,141,12.6,,1027.7,
3/4/2019,-15.1,-17.1,-9.9,0,100,143,6.1,,1029.9,
3/5/2019,-11.3,-16.6,-3.8,0,80,123,13.7,,1031.8,
3/6/2019,-1.4,-10.5,12.8,0,50,65,12.2,,1015.9,
3/7/2019,3.5,-3.2,15,0,0,121,13.7,,1010.6,
3/8/2019,5.7,-2.7,16.7,0,0,189,24.1,,1002.2,
3/9/2019,6.9,-2.1,11.7,0,0,0,19.8,,1003.6,
3/10/2019,1.4,-2.7,7.8,0,0,,18.4,,,
3/11/2019,3.4,-3.2,12.8,0,0,18,15.1,,1020.2,
3/12/2019,8.6,2.8,18.3,1,0,132,20.9,,1005.4,
3/13/2019,4.3,-3.8,8.3,12.4,0,344,49,,987.6,
3/14/2019,-2.6,-6.6,-0.5,0,50,347,25.6,,1021.3,
3/15/2019,-3.4,-11,5,0,30,115,9.7,,1030.9,
3/16/2019,1.6,-5.5,9.4,0,0,66,9.4,,1028.2,
3/17/2019,3.9,-4.3,11.1,0,0,59,13.3,,1025.9,
3/18/2019,2.6,-4.3,10.6,0,0,133,20.5,,1024.2,
3/19/2019,3.4,-4.3,7.2,0.3,0,326,17.6,,1023.4,
3/20/2019,2.9,-7.1,14.4,0,0,7,12.2,,1027.4,
3/21/2019,5.1,-3.2,13.3,0,0,103,16.9,,1021.9,
3/22/2019,5.7,0,14.4,2,0,75,14.8,,1013.6,
3/23/2019,4.4,-0.5,12.8,0,0,5,10.4,,1013.7,
3/24/2019,4.2,-3.8,12.2,0,0,39,11.9,,1019.6,
3/25/2019,5.9,0,16.7,0,0,102,12.2,,1024.2,
3/26/2019,8.4,2.8,20,0,0,163,14,,1020.4,
3/27/2019,14.9,7.2,23.3,0,0,150,12.2,,1011.2,
3/28/2019,16.3,6.7,24.4,0,0,77,13.3,,1010.3,
3/29/2019,6.2,0,9.4,5.1,0,128,19.4,,1013,
3/30/2019,0.1,-3.2,1.7,0,0,23,17.3,,1028.1,
3/31/2019,0.9,-1,5,0.3,0,169,11.9,,1027.3,
4/1/2019,3.1,-4.3,14.4,0,0,17,10.1,,1018.7,
4/2/2019,5.7,-0.5,11.7,0,0,136,17.6,,1015.8,
4/3/2019,6.3,-1,15.6,0,0,15,10.4,,1012.3,
4/4/2019,8.8,0,18.3,0,0,106,14,,1016,
4/5/2019,12.1,5.6,19.4,0,0,234,13.7,,1009.5,
4/6/2019,14,8.9,19.4,0,0,330,15.5,,1007.3,
4/7/2019,13.3,5,20.6,0,0,308,15.5,,1015,
4/8/2019,14.3,4.4,22.8,0,0,92,11.9,,1016,
4/9/2019,14.5,6.1,23.9,0,0,178,19.8,,1006,
4/10/2019,12.2,-6,17.2,2.3,0,285,36,,994.9,
4/11/2019,-2.4,-7.1,4.4,0,0,350,18.4,,1008.2,
4/12/2019,-0.4,-5.5,7.2,2.5,0,141,11.9,,1012.3,
4/13/2019,1.4,-1,3.9,9.7,0,124,12.6,,1017.3,
4/14/2019,2.7,-6,18.9,0,30,49,13.3,,1010.7,
4/15/2019,13.4,3.3,23.9,0,0,203,16.9,,1004.1,
4/16/2019,14.6,5.6,22.8,0,0,259,19.4,,1004,
4/17/2019,11.7,6.1,15,1.3,0,336,17.3,,1009,
4/18/2019,8.7,1.7,15,0,0,16,19.1,,1019.4,
4/19/2019,10.4,-0.5,21.1,0,0,181,9.7,,1019.3,
4/20/2019,15.8,4.4,25.6,0,0,245,11.9,,1007.8,
4/21/2019,16.7,8.9,20.6,0,0,341,24.1,,1005.4,
4/22/2019,9.1,6.1,10,0,0,15,12.6,,1020,
4/23/2019,8.8,3.9,16.1,0,0,152,15.8,,1019.2,
4/24/2019,12.9,5,22.8,0,0,2,12.2,,1011.8,
4/25/2019,12.3,6.1,17.8,0,0,57,18,,1017.3,
4/26/2019,13.1,2.8,25,0,0,104,12.6,,1012.5,
4/27/2019,15.5,4.4,20,0,0,76,22.3,,1007.8,
4/28/2019,14.2,3.9,26.1,0,0,339,22.3,,1003.6,
4/29/2019,7.9,0.6,8.9,1.8,0,128,20.9,,1015.8,
4/30/2019,3.3,0,13.3,8.9,50,116,13.3,,1012.4,
5/1/2019,5.5,1.7,12.8,0.5,0,116,19.1,,1014.2,
5/2/2019,5,1.1,13.9,0,0,157,21.2,,1018.6,
5/3/2019,10.9,4.4,18.3,0,0,120,12.6,,1014,
5/4/2019,12.2,2.2,22.2,0,0,36,11.9,,1011,
5/5/2019,15.3,8.9,22.8,0,0,278,12.6,,1006.9,
5/6/2019,16.5,8.3,23.3,1,0,49,20.5,,1008.4,
5/7/2019,10,7.2,11.1,1,0,122,13.7,,1012.1,
5/8/2019,9.1,1.7,13.3,2.5,0,338,27.7,,1010.2,
5/9/2019,2.1,0,4.4,3.8,0,58,16.2,,1021,
5/10/2019,2.3,0,6.7,0.3,0,172,14,,1020.3,
5/11/2019,9,0.6,17.8,0,0,354,13,,1014,
5/12/2019,11.1,0.6,21.7,0,0,84,9.4,,1012,
5/13/2019,16.5,6.1,25.6,0,0,1,16.2,,1010.1,
5/14/2019,17.1,7.2,25.6,0,0,320,13.7,,1012.4,
5/15/2019,19.2,8.9,27.8,0,0,260,10.8,,1010.4,
5/16/2019,20.1,11.1,26.1,0,0,189,14.8,,1004.9,
5/17/2019,18.3,6.1,23.3,0,0,172,27,,997.4,
5/18/2019,9.1,1.7,15.6,0.8,0,35,15.1,,1005.2,
5/19/2019,7.4,0,15.6,0,0,106,18.4,,1012,
5/20/2019,7.4,0.6,8.9,43.4,0,350,21.6,,1007.2,
5/21/2019,1.7,0,5.6,6.9,130,345,28.4,,1001.5,
5/22/2019,4.9,1.7,12.2,0,0,76,13.7,,1008.1,
5/23/2019,5.6,2.8,7.2,0.8,0,129,14.4,,1016.9,
5/24/2019,9.9,0.6,21.7,0,0,231,19.1,,1012.2,
5/25/2019,14.6,5.6,22.2,0,0,124,14.4,,1012,
5/26/2019,17.2,10.6,25,0.3,0,131,15.5,,1008,
5/27/2019,14.3,6.7,21.7,0.5,0,281,16.2,,1004.1,
5/28/2019,12.2,5.6,17.2,0,0,358,19.8,,1004.8,
5/29/2019,9.1,5,13.9,0.5,0,320,18.4,,1015.1,
5/30/2019,11.9,3.9,20.6,1,0,74,9.7,,1017.7,
5/31/2019,14.7,5,23.9,0,0,40,13.7,,1015.9,
6/1/2019,16.9,9.4,25,0,0,242,18.4,,1014.3,
6/2/2019,16,8.3,25,0,0,148,12.6,,1013.3,
6/3/2019,16.6,9.4,26.1,1.3,0,24,14.8,,1011.8,
6/4/2019,16.7,7.8,25,0,0,68,11.9,,1013.1,
6/5/2019,16.3,9.4,23.9,18,0,341,12.6,,1014.6,
6/6/2019,17,9.4,26.1,0.3,0,161,10.8,,1013.1,
6/7/2019,19.1,10,28.3,0,0,96,14,,1009.1,
6/8/2019,19.6,10,30.6,0,0,317,23.4,,1007.4,
6/9/2019,12.1,7.2,13.9,0,0,18,18.7,,1026.3,
6/10/2019,14.2,6.7,23.3,0,0,157,23,,1025.6,
6/11/2019,18.9,9.4,27.2,0,0,12,20.5,,1016.7,
6/12/2019,15.9,11.1,22.2,0,0,183,10.8,,1020.9,
6/13/2019,18.1,7.8,28.3,0,0,136,13.3,,1012.4,
6/14/2019,20.5,12.2,28.9,5.1,0,74,14,,1007.1,
6/15/2019,16.1,9.4,23.3,1.5,0,0,13.3,,1012.5,
6/16/2019,15.8,8.9,25,3.8,0,129,16.9,,1013.6,
6/17/2019,15.2,8.9,21.7,0,0,16,11.2,,1013.7,
6/18/2019,15.1,10.6,18.9,9.1,0,2,11.9,,1013.9,
6/19/2019,16.1,8.9,26.1,0,0,127,12.6,,1009.7,
6/20/2019,20.2,11.7,29.4,0,0,77,19.1,,1004,
6/21/2019,18.3,10,25.6,0.3,0,5,22.3,,1005.7,
6/22/2019,11.9,8.9,18.3,6.1,0,62,14.8,,1014.1,
6/23/2019,12.8,6.1,18.9,0,0,336,13,,1013.9,
6/24/2019,15.6,5,26.1,0,0,131,15.5,,1012,
6/25/2019,19.8,10,28.9,0,0,33,14.4,,1011.4,
6/26/2019,20.6,10,32.2,0,0,308,13.7,,1011.7,
6/27/2019,23.6,14.4,33.9,0,0,181,18,,1012.6,
6/28/2019,25.1,12.2,35,4.3,0,55,15.1,,1013.5,
6/29/2019,25.4,15.6,33.9,0,0,337,18.7,,1014.5,
6/30/2019,24.6,15.6,33.3,0.3,0,344,14.4,,1013.6,
7/1/2019,21.7,16.1,30.6,0,0,358,11.9,,1013.3,
7/2/2019,19.6,12.2,28.9,0,0,236,11.9,,1012.9,
7/3/2019,20.8,11.1,32.2,0,0,110,13.7,,1008.4,
7/4/2019,23.4,13.3,32.2,0,0,28,17.3,,1007.7,
7/5/2019,22.6,13.3,29.4,12.4,0,10,16.6,,1015.7,
7/6/2019,17.9,12.8,24.4,0.5,0,144,17.6,,1020.9,
7/7/2019,18.9,11.7,27.8,0.8,0,98,13.7,,1015.4,
7/8/2019,20.3,15,29.4,0.3,0,24,10.4,,1010.6,
7/9/2019,20.9,10.6,31.7,0,0,93,14.8,,1013.2,
7/10/2019,21.7,14.4,26.7,0,0,102,18.7,,1020.7,
7/11/2019,22.9,16.1,32.8,0,0,153,10.8,,1018.4,
7/12/2019,24.3,14.4,33.3,0,0,24,15.5,,1014.4,
7/13/2019,24.1,13.9,32.2,1,0,72,16.2,,1014.7,
7/14/2019,22.6,14.4,30.6,0.3,0,307,10.8,,1015.8,
7/15/2019,22.3,13.9,33.3,0,0,8,16.6,,1013.5,
7/16/2019,23,12.8,33.3,0.5,0,186,12.6,,1011.5,
7/17/2019,24.9,15.6,35.6,0,0,336,13.7,,1008.1,
7/18/2019,25.9,14.4,36.1,0,0,288,10.1,,1007.3,
7/19/2019,29.2,20,36.1,0,0,17,15.1,,1004.5,
7/20/2019,27.1,16.7,35,6.9,0,347,25.9,,1008.2,
7/21/2019,19.9,14.4,29.4,9.4,0,36,14,,1016.7,
7/22/2019,18.4,13.3,26.1,0.3,0,152,16.2,,1023.5,
7/23/2019,20.1,15,28.3,0,0,142,11.5,,1021.3,
7/24/2019,22.8,13.3,31.7,0,0,60,14,,1016.3,
7/25/2019,23.1,16.1,30,0,0,344,17.3,,1015,
7/26/2019,22.4,15,30,0.8,0,22,15.1,,1015.8,
7/27/2019,22.6,16.1,30,0.8,0,343,14,,1015.7,
7/28/2019,22.4,16.1,31.1,0.3,0,20,11.5,,1014.7,
7/29/2019,22.8,15.6,32.2,1.3,0,91,19.8,,1016.6,
7/30/2019,22.3,12.8,35.6,0,0,49,11.2,,1014.5,
7/31/2019,25.2,16.1,33.3,0.3,0,5,19.4,,1013.1,
8/1/2019,24.4,16.7,31.7,2.3,0,320,12.6,,1015.1,
8/2/2019,21.2,15,29.4,3.8,0,22,12.2,,1017.1,
8/3/2019,22.9,16.1,30.6,0,0,138,13.3,,1017.3,
8/4/2019,24.8,18.3,32.8,0,0,188,14.8,,1014.6,
8/5/2019,25.3,18.9,32.2,0,0,359,19.8,,1014.3,
8/6/2019,23.2,15,32.8,2.3,0,92,12.6,,1014.3,
8/7/2019,23.6,15,32.2,0,0,354,14.8,,1011.6,
8/8/2019,22,15.6,27.8,4.1,0,66,11.9,,1013.3,
8/9/2019,20.7,14.4,31.7,2,0,196,8.3,,1013.8,
8/10/2019,21.9,15.6,30.6,2.3,0,7,15.8,,1012.4,
8/11/2019,21.8,16.7,32.8,0,0,43,15.1,,1011.9,
8/12/2019,22.2,14.4,30.6,0,0,352,15.1,,1013.3,
8/13/2019,22.9,13.3,31.7,0,0,123,11.2,,1016.2,
8/14/2019,18.9,13.3,27.2,1,0,139,11.2,,1019.3,
8/15/2019,23.4,12.2,33.3,0,0,50,13,,1013.9,
8/16/2019,23.6,12.2,35.6,0,0,83,16.6,,1009.6,
8/17/2019,23.2,12.2,33.3,0,0,327,12.2,,1007.4,
8/18/2019,23.1,12.2,33.9,0,0,129,16.9,,1009.7,
8/19/2019,25.1,13.9,33.9,0,0,44,13,,1011.4,
8/20/2019,26.3,17.2,33.9,0.3,0,27,17.6,,1011.7,
8/21/2019,23.3,16.1,28.3,0,0,8,16.2,,1014.1,
8/22/2019,20.8,13.3,29.4,0,0,159,13.3,,1011.8,
8/23/2019,21.5,13.9,31.7,0,0,119,15.1,,1011,
8/24/2019,19.2,10.6,29.4,0,0,80,10.8,,1012.4,
8/25/2019,23.4,11.7,35.6,0,0,5,15.5,,1008.2,
8/26/2019,22.7,16.1,27.2,0,0,43,19.4,,1010,
8/27/2019,19.2,14.4,25.6,0,0,138,13.3,,1016.9,
8/28/2019,20.4,11.7,30.6,0,0,146,7.2,,1015.8,
8/29/2019,24.7,14.4,35,0,0,5,15.5,,1013.1,
8/30/2019,21,15,27.8,0,0,156,11.2,,1016,
8/31/2019,20.6,12.8,30.6,0,0,98,11.2,,1016.7,
9/1/2019,22.6,12.2,35,1.8,0,42,10.1,,1015.6,
9/2/2019,24.9,14.4,35.6,0,0,49,13.3,,1013,
9/3/2019,23.9,16.1,30.6,0,0,14,22.3,,1015.1,
9/4/2019,22.4,16.1,33.3,1,0,145,20.2,,1018.3,
9/5/2019,24.2,15,34.4,0,0,356,16.9,,1016.6,
9/6/2019,24.1,16.1,29.4,3,0,9,16.9,,1018,
9/7/2019,19.6,14.4,28.9,0.3,0,47,8.3,,1014.6,
9/8/2019,19.8,12.8,26.7,1.8,0,350,15.8,,1010.4,
9/9/2019,19.2,11.7,30,0,0,309,10.1,,1008.1,
9/10/2019,21.1,13.3,30.6,0,0,225,16.2,,1008.2,
9/11/2019,22.8,12.8,30.6,0,0,145,18.7,,1007.9,
9/12/2019,17.4,10,24.4,0,0,108,11.2,,1018,
9/13/2019,17.5,8.9,26.7,0,0,129,8.3,,1020.2,
9/14/2019,21.5,12.2,31.1,0,0,54,12.2,,1016.1,
9/15/2019,21.7,11.7,30.6,0,0,90,14,,1013.7,
9/16/2019,20.9,12.8,30,0,0,99,12.6,,1009.4,
9/17/2019,21.4,15,29.4,0,0,289,12.2,,1007.9,
9/18/2019,20.5,11.7,27.2,0,0,127,19.4,,1012,
9/19/2019,19.4,8.9,30,0,0,119,14.8,,1009.9,
9/20/2019,20.3,10,29.4,0,0,166,21.6,,1005.5,
9/21/2019,20,10,26.1,0,0,159,20.5,,1008.6,
9/22/2019,14.4,6.1,22.2,0,0,160,14.8,,1015.8,
9/23/2019,16.8,7.8,26.7,0,0,83,9.4,,1015.2,
9/24/2019,20.9,12.2,28.3,0,0,306,13,,1010.2,
9/25/2019,19.6,11.1,27.8,0,0,60,16.6,,1010.4,
9/26/2019,17.9,11.1,29.4,0.3,0,166,17.6,,1009.3,
9/27/2019,20.1,12.2,23.9,0,0,32,21.6,,1004.3,
9/28/2019,13.2,8.3,18.9,0,0,124,19.1,,1010.1,
9/29/2019,18.1,10,29.4,0,0,157,26.3,,1003.2,
9/30/2019,21.7,10.6,30.6,0,0,184,27.7,,1003.5,
10/1/2019,14.2,8.9,20,0,0,81,14.8,,1008.8,
10/2/2019,12.3,6.7,21.1,0.8,0,118,15.1,,1013.9,
10/3/2019,10.4,3.9,16.1,0,0,160,21.2,,1022.7,
10/4/2019,11.1,1.7,23.9,0,0,179,19.4,,1014.7,
10/5/2019,14.7,5,20.6,0,0,141,20.5,,1014.3,
10/6/2019,10,1.7,15.6,0,0,71,19.8,,1023.6,
10/7/2019,10.3,-0.5,22.2,0,0,104,11.2,,1021.9,
10/8/2019,15.4,5,26.7,0,0,2,11.2,,1008.5,
10/9/2019,17.8,0,26.7,0,0,306,24.8,,1001.4,
10/10/2019,-0.7,-9.9,0,2,0,346,25.6,,1019.7,
10/11/2019,-3.2,-12.7,9.4,0,0,137,7.2,,1029.3,
10/12/2019,6.4,-4.9,19.4,0,0,89,10.8,,1017.3,
10/13/2019,9.1,-1.6,20.6,0,0,76,12.2,,1014.5,
10/14/2019,12.5,1.1,24.4,0,0,359,11.5,,1011.1,
10/15/2019,11.2,3.3,15.6,0,0,142,15.5,,1019.6,
10/16/2019,10.8,-0.5,23.3,0,0,106,11.2,,1020.2,
10/17/2019,13.5,3.9,27.2,0,0,104,15.5,,1006.9,
10/18/2019,15.2,2.2,23.3,0,0,33,13.7,,1000.6,
10/19/2019,8,-0.5,17.8,0,0,158,14,,1009.8,
10/20/2019,8.3,2.2,12.8,0,0,287,36.4,,1004,
10/21/2019,5,-3.2,11.1,0,0,342,17.6,,1015.4,
10/22/2019,4,-4.9,15.6,0,0,34,13.3,,1020.7,
10/23/2019,9.2,-1.6,13.9,5.8,0,358,20.5,,1016.7,
10/24/2019,-0.3,-5.5,2.8,0.3,50,30,12.6,,1031.1,
10/25/2019,2.4,-6,13.9,0,0,32,8.6,,1027.4,
10/26/2019,9.6,-1,22.2,0,0,35,17.3,,1008.4,
10/27/2019,0.3,-7.1,1.1,1.5,0,27,15.5,,1017.1,
10/28/2019,-7.3,-9.3,-6.6,7.1,130,103,9.4,,1021.8,
10/29/2019,-7.8,-13.2,-6.6,2.5,80,356,22.3,,1023.6,
10/30/2019,-12.7,-15.5,-10.5,0.8,100,340,11.5,,1032.6,
10/31/2019,-6.7,-13.8,6.1,0,80,19,10.1,,1028.3,
11/1/2019,0.3,-3.2,5,0,30,359,14,,1027.2,
11/2/2019,-0.7,-8.2,7.8,0,0,82,6.8,,1028.4,
11/3/2019,4.7,-3.8,16.1,0,0,41,10.4,,1017.4,
11/4/2019,4.1,-1.6,10,0,0,132,7.2,,1019.5,
11/5/2019,4.8,-4.3,15.6,0,0,55,9.4,,1022.4,
11/6/2019,6.4,-2.1,17.2,0,0,27,15.1,,1022.4,
11/7/2019,-1.6,-4.3,1.1,0,0,165,9.7,,1032.2,
11/8/2019,5.2,-4.3,16.7,0,0,28,10.1,,1026.2,
11/9/2019,9.3,0,21.7,0,0,3,10.4,,1020.1,
11/10/2019,9.4,-0.5,18.9,0,0,59,11.9,,1015.1,
11/11/2019,-1.7,-10.5,1.1,0,0,16,17.3,,1032.8,
11/12/2019,-2.3,-11,12.8,0,0,58,8.6,,1026.7,
11/13/2019,8.1,-0.5,16.1,0,0,17,16.9,,1015,
11/14/2019,2.6,-3.2,8.9,0,0,127,11.5,,1027.2,
11/15/2019,6.5,-2.1,17.8,0,0,17,9.4,,1020.9,
11/16/2019,11.1,1.1,19.4,1,0,353,18.7,,1015.8,
11/17/2019,3.6,-3.2,10,0,0,215,9.4,,1021,
11/18/2019,9,2.2,18.9,0,0,110,12.6,,1014.5,
11/19/2019,8.3,-1.6,18.9,0,0,78,10.8,,1008.9,
11/20/2019,7.8,0.6,13.9,0,0,356,23,,1005.1,
11/21/2019,-0.4,-3.2,0.6,2,0,119,14.8,,1020,
11/22/2019,-4,-6.6,0,9.7,50,162,9.4,,1021.8,
11/23/2019,1.2,-4.3,10.6,0,100,359,12.2,,1021.6,
11/24/2019,4,-3.8,12.8,0,30,15,13.7,,1013.2,
11/25/2019,5.1,-1.6,8.3,0,0,98,14.4,,1004.3,
11/26/2019,-3.2,-11.6,-1.6,8.6,100,353,24.1,,1006.2,
11/27/2019,-8,-12.1,-4.3,0,50,133,14,,1022.6,
11/28/2019,-4.3,-7.7,0.6,0,50,56,6.5,,1017.4,
11/29/2019,0.8,-2.7,8.3,1.5,30,144,19.4,,1004.7,
11/30/2019,1.8,-7.7,5,0,0,311,25.9,,1003.9,
12/1/2019,-3.1,-8.8,4.4,0,0,72,7.6,,1024,
12/2/2019,3.6,-6,18.3,0,0,350,15.8,,1018.9,
12/3/2019,9.6,-2.7,15,0,0,283,15.8,,1015.8,
12/4/2019,4.2,-3.8,12.8,0,0,65,7.9,,1016.7,
12/5/2019,3.7,-2.1,8.9,0,0,3,18.4,,1016.2,
12/6/2019,1.6,-3.2,6.7,0,0,128,4.3,,1026.9,
12/7/2019,4.4,-3.2,18.3,0,0,12,13.3,,1017.8,
12/8/2019,8.1,2.2,12.2,0,0,7,14,,1005.7,
12/9/2019,2.6,-6.6,6.1,0,0,137,17.6,,1014.4,
12/10/2019,-2.3,-8.8,6.1,0,0,82,10.1,,1024.4,
12/11/2019,-0.2,-6,10,0,0,45,11.9,,1021.3,
12/12/2019,3.7,-1.6,7.8,0,0,69,11.2,,1016.8,
12/13/2019,4.4,-3.8,11.1,0,0,344,13.7,,1013.8,
12/14/2019,0.1,-5.5,6.1,0,0,138,11.9,,1008.3,
12/15/2019,-1.5,-5.5,0,4.3,0,29,10.8,,1013.1,
12/16/2019,-5.5,-13.8,-3.2,3.6,80,4,7.2,,1025.5,
12/17/2019,-8.1,-14.9,0.6,0,80,7,8.6,,1032.9,
12/18/2019,-2.6,-9.9,10.6,0,50,35,7.2,,1025.9,
12/19/2019,-0.1,-7.1,9.4,0,50,9,11.2,,1017.5,
12/20/2019,0.6,-6.6,7.8,0,30,337,8.3,,1026.4,
12/21/2019,2.4,-4.9,13.9,0,30,11,9.7,,1026.3,
12/22/2019,4.8,-2.1,16.7,0,0,0,8.3,,1020.1,
12/23/2019,6.9,1.7,14.4,0,0,25,10.8,,1013.7,
12/24/2019,7.3,2.2,12.8,0,0,333,11.2,,1006.7,
12/25/2019,5,-3.8,11.7,0,0,346,13.3,,1004.8,
12/26/2019,0.6,-5.5,8.3,0,0,54,10.1,,1017.5,
12/27/2019,-1.9,-3.2,-0.5,0.3,0,151,7.6,,1015.4,
12/28/2019,-3,-6.6,-1.6,0,0,332,27.7,,1009.3,
12/29/2019,-4.8,-9.3,1.7,0,0,336,15.1,,1015.8,
12/30/2019,-5,-11,2.2,0,0,337,10.4,,1023.1,
12/31/2019,-3.8,-11,6.7,0,0,40,10.1,,1019.8,
1/1/2020,3.3,-2.1,12.2,0,0,325,16.9,,1001.5,
1/2/2020,4.4,-4.3,7.2,0,0,357,14,,1005.6,
1/3/2020,-0.7,-7.7,7.8,0,0,347,8.6,,1020.3,
1/4/2020,2.9,-5.5,13.9,0,0,19,13.3,,1021.8,
1/5/2020,4.7,-5.5,9.4,0,0,137,23.8,,1023,
1/6/2020,1.4,-5.5,7.8,0,0,334,21.6,,1024.1,
1/7/2020,3.1,-6,13.3,0,0,116,11.2,,1022.6,
1/8/2020,5.3,-3.8,15,0,0,256,19.8,,1007.9,
1/9/2020,2.3,-4.9,6.1,0,0,111,13.3,,1008.3,
1/10/2020,-1.7,-11,2.8,0.3,0,18,20.2,,1018.2,
1/11/2020,-5.2,-11,7.2,0,0,80,8.3,,1015.6,
1/12/2020,-0.2,-7.1,5.6,0,0,288,10.4,,1012.8,
1/13/2020,-0.1,-8.2,10,0,0,55,18,,1012.9,
1/14/2020,2.2,-5.5,13.9,0,0,172,22,,1013.1,
1/15/2020,2.9,-5.5,6.7,0,0,153,19.4,,1022,
1/16/2020,-4.4,-8.8,-0.5,0,0,130,9.4,,1029.9,
1/17/2020,0.6,-8.8,11.7,0,0,321,20.5,,1012.6,
1/18/2020,-1.3,-9.3,3.3,0,0,198,13.7,,1028,
1/19/2020,-2.4,-8.8,6.1,0,0,69,9.7,,1034.5,
1/20/2020,-1.3,-9.9,10,0,0,83,11.5,,1031.4,
1/21/2020,1.6,-1.6,6.7,0,0,5,5.8,,1016.1,
1/22/2020,5.9,-1.6,12.2,0,0,348,18.4,,1011.4,
1/23/2020,0.5,-6.6,7.2,0,0,5,6.5,,1021.5,
1/24/2020,1.1,-7.1,11.1,0,0,72,10.1,,1018.3,
1/25/2020,4.7,-3.8,12.8,0,0,2,12.2,,1015.6,
1/26/2020,1.9,-6,10.6,0,0,52,8.3,,1019.1,
1/27/2020,2.4,-4.3,10,1.8,0,37,10.1,,1014.7,
1/28/2020,0.8,-5.5,6.1,0,0,324,11.2,,1020.1,
1/29/2020,-0.4,-4.9,5,0,0,36,8.3,,1020.1,
1/30/2020,-0.1,-7.7,8.3,0.3,0,0,21.2,,1018.7,
1/31/2020,0.2,-9.3,12.8,0,0,335,13.7,,1023.3,
2/1/2020,5.7,-4.3,20.6,0,0,333,13.3,,1021.2,
2/2/2020,12.9,3.3,22.8,0,0,252,19.1,,1007.5,
2/3/2020,1,-9.9,10.6,3,0,63,18,,1005.3,
2/4/2020,-10,-17.7,-7.7,0.3,50,15,14.4,,1022.4,
2/5/2020,-11.8,-17.7,-3.8,0,30,26,5,,1017.6,
2/6/2020,-4.3,-8.8,3.9,2.8,30,349,10.1,,1007.7,
2/7/2020,-3.8,-8.8,-2.7,4.3,50,80,9.7,,1015.8,
2/8/2020,-4.1,-11,7.2,0,100,41,11.5,,1014.4,
2/9/2020,-1,-5.5,0,0.3,30,27,20.9,,1018.5,
2/10/2020,-3.3,-6.6,0,0.8,30,34,14.4,,1021.7,
2/11/2020,-5.1,-9.9,0.6,0,30,193,15.8,,1023.1,
2/12/2020,-3.3,-8.2,2.2,0,25,0,22,,1016.2,
2/13/2020,-6.3,-8.8,-2.1,0.5,30,141,11.2,,1023.4,
2/14/2020,-2.7,-11.6,8.9,0,30,42,13,,1017,
2/15/2020,3,-2.7,7.2,0,0,58,18,,1016.3,
2/16/2020,2.4,-3.2,10.6,0,0,337,11.2,,1012.5,
2/17/2020,3.5,-3.8,7.2,1,0,43,19.8,,1013.6,
2/18/2020,-4.5,-6.6,-3.2,2.8,100,147,14,,1027.2,
2/19/2020,-4,-7.7,-1,0,50,0,18.7,,1028.2,
2/20/2020,-7.2,-12.1,-1,0,30,148,9,,1038.9,
2/21/2020,-0.7,-9.9,12.2,0,0,74,11.2,,1028.5,
2/22/2020,5.7,-1,12.8,0,0,56,9.4,,1017.4,
2/23/2020,3.8,-2.1,6.1,0,0,339,24.1,,1014,
2/24/2020,1.6,-4.9,7.8,0,0,339,22,,1013.6,
2/25/2020,-4.4,-11,-3.2,0,0,349,31.7,,1027.6,
2/26/2020,-6.1,-14.9,4.4,0,0,53,7.9,,1031.3,
2/27/2020,2.4,-6,10,0,0,355,15.5,,1024.2,
2/28/2020,4.2,-6,13.9,0,0,69,12.6,,1025.2,
2/29/2020,5.2,-2.1,14.4,0,0,28,10.8,,1013.3,
3/1/2020,7.3,-1.6,13.3,5.8,0,333,13.7,,1008.6,
3/2/2020,0.3,-3.2,10,2,100,55,14,,1011,
3/3/2020,3.6,-3.8,14.4,0,0,143,8.6,,1014,
3/4/2020,6.3,-4.3,18.3,0,0,324,16.6,,1017.3,
3/5/2020,5.9,-3.2,9.4,0,0,99,17.3,,1027.4,
3/6/2020,6.1,-4.3,19.4,0,0,44,9,,1024.6,
3/7/2020,10.9,2.2,20,0,0,308,12.6,,1012.4,
3/8/2020,12.7,5,21.1,0,0,,22.3,,,
3/9/2020,8.2,0,15,0,0,113,11.9,,1015.6,
3/10/2020,8.7,-0.5,18.9,0,0,7,10.8,,1018.5,
3/11/2020,9.9,-0.5,21.1,0,0,325,9.7,,1013.3,
3/12/2020,11.8,1.1,15.6,0,0,56,18,,1008.7,
3/13/2020,0.6,-2.7,1.1,6.9,0,149,23.4,,1017,
3/14/2020,-1.4,-3.2,2.8,0.3,30,131,11.5,,1021.5,
3/15/2020,0.3,-2.1,5,0.3,0,121,8.6,,1024.5,
3/16/2020,7.2,-0.5,16.7,0,0,98,16.6,,1018.5,
3/17/2020,3.4,0.6,7.8,1,0,143,18.4,,1016,
3/18/2020,8.4,1.1,18.3,0,0,151,18.7,,1007.7,
3/19/2020,4.7,-2.7,6.1,8.6,0,330,31,,1008.1,
3/20/2020,-3.1,-5.5,1.1,0,0,139,19.8,,1030.1,
3/21/2020,0.3,-7.7,11.7,0,0,55,10.4,,1023.5,
3/22/2020,5.8,-2.7,13.9,0,0,10,16.9,,1015.4,
3/23/2020,6.8,-1.6,14.4,0,0,138,15.1,,1013.9,
3/24/2020,8.6,-0.5,18.9,0,0,245,10.4,,1011.1,
3/25/2020,12.6,2.8,20,0,0,242,25.9,,1004.6,
3/26/2020,13.3,2.8,20.6,0,0,229,29.9,,1000.1,
3/27/2020,7.3,0,13.9,0,0,24,22,,1001.8,
3/28/2020,3.7,-1.6,10.6,0.3,0,333,18.4,,1010.4,
3/29/2020,4.2,-3.8,12.8,0,0,143,11.9,,1018,
3/30/2020,7.6,1.1,13.3,0,0,341,14.4,,1014.3,
3/31/2020,8.8,-1,20,0,0,274,13.3,,1013.6,
4/1/2020,12.8,4.4,17.8,0,0,254,15.5,,1002.9,
4/2/2020,4.1,-6,6.7,2.3,0,7,15.8,,1009.8,
4/3/2020,-3.3,-7.1,3.3,4.3,130,184,13.3,,1023.2,
4/4/2020,1.3,-7.1,13.9,0,0,140,13.3,,1016.4,
4/5/2020,9.6,-1,21.7,0,0,323,14.4,,1007.5,
4/6/2020,15.8,4.4,23.3,0,0,247,16.2,,1005.4,
4/7/2020,15.4,5,23.9,0,0,303,13.7,,1009.4,
4/8/2020,14.4,5.6,21.7,0,0,6,14.4,,1012.7,
4/9/2020,8.9,2.2,15,0,0,137,13.7,,1017.6,
4/10/2020,9.7,1.1,21.1,0,0,89,13.3,,1011.7,
4/11/2020,14.1,3.9,21.1,0,0,316,15.5,,1000.3,
4/12/2020,2.3,-6.6,8.3,0,0,8,33.5,,1010.7,
4/13/2020,-5.7,-7.7,-2.7,3.3,30,117,19.4,,1023.6,
4/14/2020,-5.1,-13.8,7.8,0,50,96,7.9,,1025.1,
4/15/2020,4.1,-4.9,12.8,0,0,338,12.6,,1015.4,
4/16/2020,1.9,-4.9,3.3,0,0,14,22,,1017.1,
4/17/2020,-0.3,-5.5,11.1,0,0,171,12.2,,1022.2,
4/18/2020,7.1,-2.1,16.1,0,0,16,15.5,,1010.9,
4/19/2020,9.5,3.3,15.6,0.3,0,343,13,,1010.1,
4/20/2020,9.7,2.2,17.8,0,0,157,11.5,,1013.8,
4/21/2020,11.6,2.8,18.3,11.4,0,79,10.8,,1012.9,
4/22/2020,12.1,5.6,19.4,0,0,342,23.4,,1009.8,
4/23/2020,12.4,4.4,18.3,0.3,0,323,16.2,,1008.3,
4/24/2020,10.5,3.3,16.7,0,0,3,24.8,,1014.2,
4/25/2020,9.2,2.2,17.2,0,0,86,11.9,,1020.6,
4/26/2020,13,2.8,22.8,0,0,69,14.8,,1015.5,
4/27/2020,16.2,7.2,25,0,0,13,9.7,,1012.2,
4/28/2020,18.1,8.9,25.6,0,0,3,17.3,,1012.4,
4/29/2020,12.7,3.9,22.2,0,0,194,11.5,,1022,
4/30/2020,17.7,6.7,29.4,0,0,186,10.8,,1011,
5/1/2020,22.1,11.7,30,0,0,55,22.7,,1006.6,
5/2/2020,16.2,11.1,20,0,0,87,23,,1013.6,
5/3/2020,16.1,9.4,26.7,0,0,162,25.6,,1011.4,
5/4/2020,15.6,5,21.1,0,0,21,24.8,,1011.9,
5/5/2020,10.9,1.7,19.4,0,0,80,10.4,,1021.8,
5/6/2020,12.6,5,18.9,0,0,147,17.3,,1021.7,
5/7/2020,14.7,2.8,23.3,0,0,38,24.8,,1012.1,
5/8/2020,8,2.8,13.9,0,0,146,25.9,,1023.3,
5/9/2020,9.4,0,17.2,0,0,21,29.2,,1021.3,
5/10/2020,8.5,0.6,16.7,0,0,144,16.9,,1023.7,
5/11/2020,7.4,2.2,11.7,0,0,111,13.7,,1018.5,
5/12/2020,5.8,1.7,16.1,0,0,161,12.2,,1014.1,
5/13/2020,14.3,2.2,27.2,0,0,262,12.2,,1005,
5/14/2020,16.7,9.4,23.3,0,0,67,19.4,,1008,
5/15/2020,14.2,5.6,22.2,0.3,0,94,18.7,,1011.1,
5/16/2020,14.1,8.3,21.1,2.3,0,20,11.9,,1013.7,
5/17/2020,14.4,6.1,25,0,0,138,13.7,,1014.7,
5/18/2020,18.1,8.9,31.7,0,0,137,16.9,,1010.9,
5/19/2020,20.5,9.4,31.7,0.3,0,107,22.3,,1007.7,
5/20/2020,19.8,10.6,30,0,0,155,24.5,,1004,
5/21/2020,18.1,10.6,23.9,0,0,32,18.4,,1006.9,
5/22/2020,17.6,7.8,26.7,0,0,137,18.4,,1006.9,
5/23/2020,17.2,7.8,27.8,0,0,60,23.8,,1002.5,
5/24/2020,14.1,4.4,18.3,24.1,0,345,23.4,,1010.5,
5/25/2020,9.1,5.6,17.8,0,0,355,15.1,,1017.5,
5/26/2020,15.1,4.4,25,0,0,346,9,,1013.8,
5/27/2020,18.6,9.4,25.6,1.8,0,22,13.7,,1013.4,
5/28/2020,17.3,10.6,23.9,0,0,75,19.4,,1018.4,
5/29/2020,19.5,10,28.9,0,0,106,13,,1017.8,
5/30/2020,22.7,15,30.6,0,0,329,19.8,,1014.4,
5/31/2020,20,11.7,29.4,0.5,0,355,11.5,,1013.8,
6/1/2020,22.3,13.3,31.1,0.3,0,340,14.8,,1012.3,
6/2/2020,21.7,15.6,29.4,1.3,0,4,12.6,,1013.6,
6/3/2020,20.8,12.2,28.9,0,0,90,12.2,,1013.5,
6/4/2020,22.7,13.3,31.7,0,0,17,15.5,,1009.7,
6/5/2020,23.3,12.2,34.4,1.5,0,100,16.6,,1010.5,
6/6/2020,21.1,14.4,27.2,0.8,0,140,20.9,,1005.3,
6/7/2020,21.5,12.2,31.1,0,0,156,26.3,,999.1,
6/8/2020,21.1,9.4,28.3,0,0,339,24.5,,999.4,
6/9/2020,11.6,3.9,19.4,2.3,0,336,31,,1012,
6/10/2020,14.9,7.2,23.3,0,0,146,13.7,,1020.1,
6/11/2020,18.7,6.7,28.9,0,0,45,11.5,,1021.7,
6/12/2020,22.1,10.6,31.7,0,0,107,16.6,,1020.2,
6/13/2020,22.7,11.7,32.8,0,0,67,13.3,,1011.3,
6/14/2020,22.4,15,32.8,0,0,170,22,,1007.8,
6/15/2020,24.9,13.9,33.9,0,0,166,17.3,,1010,
6/16/2020,24.3,13.3,33.9,0,0,140,21.6,,1006,
6/17/2020,24.7,12.2,33.9,0,0,193,24.5,,1002.8,
6/18/2020,20.1,11.7,23.3,1.5,0,9,22.3,,1012.8,
6/19/2020,14.2,7.8,17.8,10.2,0,60,9,,1016.9,
6/20/2020,16.9,8.3,28.9,0,0,49,9.7,,1014,
6/21/2020,22.2,12.2,31.1,0,0,355,16.6,,1009.8,
6/22/2020,20.9,12.2,27.8,0,0,282,14.8,,1013.4,
6/23/2020,19.7,11.1,27.2,0.3,0,126,13.7,,1015.9,
6/24/2020,21.3,12.2,31.7,1,0,313,11.9,,1011.2,
6/25/2020,23.8,13.3,35,0,0,355,13.3,,1008.5,
6/26/2020,22.6,14.4,30,0.8,0,334,23.4,,1012.4,
6/27/2020,20.3,13.3,30,0,0,100,13.3,,1008.4,
6/28/2020,23.6,14.4,33.9,0,0,327,11.2,,999.5,
6/29/2020,25.4,15,34.4,0,0,233,16.2,,997.2,
6/30/2020,24,15.6,29.4,0,0,207,19.1,,1003,
7/1/2020,20.3,10,28.3,0,0,136,17.6,,1012.1,
7/2/2020,24.3,15,35,0,0,145,16.6,,1011.7,
7/3/2020,22.3,12.2,30.6,3.8,0,39,11.2,,1015.5,
7/4/2020,20.5,14.4,29.4,12.2,0,108,17.6,,1016.8,
7/5/2020,19.3,13.3,27.8,0,0,62,14.8,,1015.5,
7/6/2020,21.9,12.8,32.2,0,0,128,12.6,,1013.8,
7/7/2020,23.8,14.4,32.2,0.5,0,89,13,,1010.2,
7/8/2020,24.7,12.8,35.6,0,0,15,12.2,,1006.4,
7/9/2020,26.8,17.2,34.4,0,0,50,18,,1008.4,
7/10/2020,25.8,19.4,35.6,0,0,142,11.9,,1013.8,
7/11/2020,26.9,19.4,35,0,0,53,20.5,,1015.6,
7/12/2020,24.8,19.4,31.1,0,0,172,15.1,,1013.3,
7/13/2020,27.1,18.9,34.4,0,0,272,18,,1007.6,
7/14/2020,24.3,15.6,33.3,4.6,0,29,14.8,,1009.8,
7/15/2020,20.3,15.6,28.9,6.6,0,71,15.8,,1015.4,
7/16/2020,20.2,13.9,30,0,0,172,14.4,,1015.3,
7/17/2020,23.8,14.4,34.4,0,0,341,12.6,,1013.2,
7/18/2020,26.2,17.8,35,0,0,359,13.3,,1010.4,
7/19/2020,23.9,16.1,29.4,0,0,238,14,,1013,
7/20/2020,23.3,13.3,33.9,0,0,82,13,,1011.2,
7/21/2020,21.7,13.3,30,1.5,0,177,15.1,,1013.7,
7/22/2020,22.3,14.4,32.2,0,0,174,13,,1011.5,
7/23/2020,24.9,15.6,32.8,0,0,67,9.7,,1010,
7/24/2020,24.6,16.7,34.4,0,0,24,13.7,,1010.3,
7/25/2020,21.7,14.4,30,0,0,351,13,,1013.6,
7/26/2020,20.9,15.6,29.4,4.1,0,343,13.3,,1017,
7/27/2020,19.8,16.1,27.2,5.6,0,150,11.2,,1019.2,
7/28/2020,18.7,15,25.6,0,0,63,10.4,,1015.2,
7/29/2020,22.4,12.8,34.4,0,0,326,18,,1012.5,
7/30/2020,22.8,15,30,0,0,357,17.6,,1016.7,
7/31/2020,21.3,12.8,32.2,0,0,13,12.2,,1018.9,
8/1/2020,22.2,13.9,31.1,0,0,54,11.5,,1018.1,
8/2/2020,21.7,14.4,28.9,0,0,90,11.2,,1017.2,
8/3/2020,18,14.4,25,0.3,0,116,13,,1017.5,
8/4/2020,21.8,14.4,33.9,1.3,0,102,11.2,,1014.1,
8/5/2020,21,13.9,30,7.4,0,139,11.2,,1013.7,
8/6/2020,22.3,15,32.8,0.8,0,21,11.9,,1010.5,
8/7/2020,24.2,15.6,35,0,0,219,12.2,,1010.6,
8/8/2020,26.7,15,34.4,0,0,334,13,,1011.3,
8/9/2020,26,16.1,34.4,0,0,15,12.2,,1010.9,
8/10/2020,26.4,16.1,33.9,0,0,346,14.8,,1011.2,
8/11/2020,24.2,13.9,35.6,0,0,81,13.3,,1010.4,
8/12/2020,23.3,14.4,32.2,0,0,112,13.3,,1011.7,
8/13/2020,24.2,13.9,33.3,0,0,94,13,,1013.1,
8/14/2020,26.6,13.9,35.6,0,0,54,15.8,,1012.6,
8/15/2020,23.3,16.1,31.7,6.1,0,101,9.4,,1016.3,
8/16/2020,23.2,16.1,33.3,21.1,0,24,7.6,,1018.5,
8/17/2020,22.5,13.9,31.1,0,0,121,13.7,,1022,
8/18/2020,24.1,13.3,34.4,0,0,75,9.7,,1017.1,
8/19/2020,25.4,17.2,32.8,1,0,29,14,,1013.3,
8/20/2020,22.9,14.4,33.9,22.4,0,13,11.9,,1011.3,
8/21/2020,22.5,15,32.2,0,0,21,12.6,,1010.8,
8/22/2020,25.2,15.6,35,0,0,15,12.6,,1011.3,
8/23/2020,24.7,16.1,33.3,0,0,8,11.9,,1013,
8/24/2020,24.9,16.1,33.9,0,0,356,13.3,,1012.7,
8/25/2020,25.9,17.2,33.3,0,0,15,13,,1010.9,
8/26/2020,24.7,15.6,32.8,0,0,356,18.4,,1009.7,
8/27/2020,23,15,32.2,0,0,347,10.8,,1008.6,
8/28/2020,22.2,15,27.8,0.8,0,352,24.5,,1012.8,
8/29/2020,17.1,12.2,23.3,8.1,0,123,13.7,,1015.3,
8/30/2020,20.4,11.7,31.1,0,0,332,11.9,,1007.6,
8/31/2020,16.9,7.8,24.4,0.5,0,128,25.9,,1010,
9/1/2020,17.9,11.1,26.1,0,0,3,7.9,,1010.5,
9/2/2020,19.7,10.6,29.4,0,0,94,11.9,,1013.8,
9/3/2020,19.8,13.3,26.1,0,0,120,18.4,,1017.4,
9/4/2020,20.7,10,32.2,0,0,81,9.7,,1019.9,
9/5/2020,23.7,14.4,33.9,0,0,107,16.9,,1019.6,
9/6/2020,27.7,17.8,36.1,0,0,349,18.4,,1013.4,
9/7/2020,23.4,10.6,32.2,0,0,103,17.3,,1006,
9/8/2020,9.8,-1,10.6,4.1,0,8,25.6,,1020.5,
9/9/2020,0.4,-1,4.4,2.5,80,56,7.6,,1030.7,
9/10/2020,2.9,0,7.2,1.5,0,165,10.8,,1029.8,
9/11/2020,9.8,4.4,22.2,0,0,108,11.2,,1020.1,
9/12/2020,15.9,7.8,26.7,0,0,14,9,,1017,
9/13/2020,17.8,7.2,27.2,0,0,116,9.7,,1020.5,
9/14/2020,18.9,8.3,27.8,0,0,103,14.8,,1022.3,
9/15/2020,19.8,10,31.1,0,0,4,12.2,,1018.7,
9/16/2020,19.4,11.7,25.6,0,0,15,23,,1020.6,
9/17/2020,16.4,7.2,26.1,0,0,93,11.2,,1021.5,
9/18/2020,19.3,13.9,27.2,0,0,21,16.2,,1019,
9/19/2020,20.2,10.6,30,0,0,85,11.2,,1012.8,
9/20/2020,20.9,11.7,30,0,0,113,11.5,,1013.2,
9/21/2020,21.3,13.9,29.4,0.8,0,346,13.3,,1015.2,
9/22/2020,20.4,12.2,28.9,0,0,332,12.2,,1015.5,
9/23/2020,20.1,12.8,28.3,0,0,327,13,,1015.2,
9/24/2020,20.5,13.3,30,0,0,44,10.8,,1012.6,
9/25/2020,22.4,12.2,32.8,0,0,310,11.9,,1008.4,
9/26/2020,24.8,15,31.7,0,0,312,13.3,,1004.9,
9/27/2020,14.5,6.1,18.3,0,0,0,20.9,,1015.8,
9/28/2020,8.9,3.3,15.6,0,0,321,13.3,,1027.8,
9/29/2020,13.3,3.3,26.1,0,0,8,11.2,,1021.8,
9/30/2020,17.5,7.8,25,0,0,1,13.7,,1019.9,
10/1/2020,12.3,5.6,17.8,0,0,161,9.7,,1026.8,
10/2/2020,15.6,6.7,25.6,0,0,21,14.4,,1018,
10/3/2020,13.8,6.1,20,0,0,161,10.1,,1020.6,
10/4/2020,13.9,2.8,25.6,0,0,118,14.4,,1019.7,
10/5/2020,19.1,9.4,28.3,0,0,352,14.4,,1015.5,
10/6/2020,17.4,7.8,27.2,0,0,69,8.3,,1018.2,
10/7/2020,18.9,10.6,28.9,0,0,38,13,,1015.4,
10/8/2020,18.7,8.9,30.6,0,0,345,14,,1011.2,
10/9/2020,21.4,13.9,28.9,0,0,8,13,,1009.3,
10/10/2020,18,8.9,26.7,0,0,77,15.8,,1009.9,
10/11/2020,17.6,4.4,26.7,0,0,358,21.2,,1004.6,
10/12/2020,10.8,0.6,25,0,0,325,14,,1016.2,
10/13/2020,16,6.1,23.3,0,0,91,18.4,,1016.8,
10/14/2020,18.7,4.4,30.6,0,0,46,19.8,,1009.1,
10/15/2020,6.8,2.2,10.6,0,0,139,14.4,,1023.2,
10/16/2020,4.7,-2.1,14.4,0,0,39,5.4,,1022.6,
10/17/2020,15.4,8.3,24.4,0,0,47,14,,1008.8,
10/18/2020,5.1,0.6,9.4,0,0,167,13,,1018.3,
10/19/2020,7.8,-2.1,22.8,0,0,311,8.3,,1015.8,
10/20/2020,13.7,5.6,23.3,0,0,85,15.5,,1011.3,
10/21/2020,10.7,4.4,25.6,0,0,128,14,,1011.6,
10/22/2020,12.2,-2.1,22.2,0,0,33,22.3,,1009,
10/23/2020,-1.9,-4.3,0,0,0,186,22.7,,1027.6,
10/24/2020,2.6,-6.6,23.9,0,0,95,15.5,,1013.5,
10/25/2020,-3.3,-12.7,0.6,2,0,6,23.8,,1021.4,
10/26/2020,-13,-16,-11.6,4.3,80,114,9.7,,1031.4,
10/27/2020,-7.6,-17.1,4.4,0,50,18,9.4,,1026.9,
10/28/2020,4.1,-1.6,11.7,0,0,336,28.8,,1019.5,
10/29/2020,6.4,-1,14.4,0,0,7,9.4,,1023.1,
10/30/2020,8,1.1,16.7,0,0,80,13,,1020.4,
10/31/2020,12,2.8,21.1,0,0,16,16.6,,1019.3,
11/1/2020,7.8,-2.1,19.4,0,0,95,10.4,,1030.6,
11/2/2020,10.5,0,22.8,0,0,49,11.2,,1027.1,
11/3/2020,13.2,3.9,25.6,0,0,35,10.8,,1018,
11/4/2020,15.9,8.9,23.3,0,0,313,14.4,,1019,
11/5/2020,14.6,5,22.2,0,0,28,13,,1023.8,
11/6/2020,11.2,1.7,24.4,0,0,143,15.5,,1012.4,
11/7/2020,15.4,8.3,22.2,0,0,153,19.8,,1001.8,
11/8/2020,11.3,5,12.8,0,0,185,30.2,,997.8,
11/9/2020,5.7,-3.2,10.6,0.3,0,9,14.8,,1007.1,
11/10/2020,0.1,-8.2,9.4,0,0,72,12.6,,1012,
11/11/2020,0.7,-8.8,7.2,0,0,64,13.7,,1015.7,
11/12/2020,1.6,-5.5,8.3,0,0,139,17.3,,1019.2,
11/13/2020,1,-10.5,15.6,0,0,76,10.8,,1015.1,
11/14/2020,8.2,-4.9,12.2,0,0,294,35.6,,1006,
11/15/2020,1.6,-8.8,16.1,0,0,12,16.6,,1021.2,
11/16/2020,9.2,-1,17.2,0,0,90,12.6,,1024.7,
11/17/2020,9.1,0,22.2,0,0,43,12.2,,1023.4,
11/18/2020,12.6,6.1,21.7,0,0,130,16.9,,1011.7,
11/19/2020,17.5,2.8,23.3,0,0,283,18.4,,1011.4,
11/20/2020,6.1,0,10.6,0,0,131,16.9,,1028.4,
11/21/2020,3.4,-1,9.4,0,0,75,10.1,,1027.5,
11/22/2020,1.8,-5.5,6.1,0,0,148,18.4,,1028.6,
11/23/2020,3.6,-5.5,19.4,0,0,57,14.8,,1010.3,
11/24/2020,4.4,-6.6,7.2,0,0,338,24.5,,1011.7,
11/25/2020,-0.8,-8.2,9.4,0,0,13,10.1,,1016.2,
11/26/2020,3.1,-2.7,7.2,0,0,123,18.4,,1017.1,
11/27/2020,1.2,-7.7,5.6,0,0,163,11.9,,1026.2,
11/28/2020,0.2,-9.9,11.7,0,0,37,10.4,,1023.1,
11/29/2020,1.6,-5.5,6.1,0,0,357,18,,1030.6,
11/30/2020,-0.6,-12.1,15,0,0,33,9.4,,1025.3,
12/1/2020,1.9,-3.8,6.7,0,0,354,31.7,,1018.5,
12/2/2020,-4.2,-7.1,-2.1,0,0,329,33.1,,1032.3,
12/3/2020,1.2,-2.1,10.6,0,0,332,22.3,,1027,
12/4/2020,7,0.6,17.2,0,0,329,13.7,,1024,
12/5/2020,6.8,-2.7,13.9,0,0,330,13,,1027.7,
12/6/2020,5.7,-2.7,17.2,0,0,347,13,,1024.1,
12/7/2020,7.4,-2.7,16.7,0,0,333,10.1,,1026.7,
12/8/2020,6.8,-1,16.7,0,0,4,11.5,,1025.1,
12/9/2020,6.7,-2.1,16.1,0,0,25,13.3,,1020.3,
12/10/2020,3.5,-2.7,7.8,1,0,358,18.4,,1014,
12/11/2020,-2.4,-5.5,-1.6,2.3,30,3,4.3,,1016.1,
12/12/2020,-5.2,-7.7,-3.8,1,30,84,12.6,,1017.4,
12/13/2020,-6.1,-11.6,-3.8,0,30,15,12.2,,1027,
12/14/2020,-3.8,-12.1,8.3,0,30,355,18.4,,1014.9,
12/15/2020,-3.1,-12.1,-1,0,0,338,22.3,,1018.3,
12/16/2020,-2.6,-11.6,7.2,0,0,59,11.2,,1019.9,
12/17/2020,0.5,-4.3,6.7,0,0,26,8.3,,1015,
12/18/2020,0.8,-7.7,4.4,0,0,5,19.8,,1017,
12/19/2020,-1.3,-9.9,9.4,0,0,28,15.8,,1021.6,
12/20/2020,0.8,-7.1,11.7,0,0,7,10.8,,1019.4,
12/21/2020,9.8,-1,14.4,0,0,346,14,,1017.4,
12/22/2020,5.4,-3.2,17.2,0,0,341,23.8,,1006.2,
12/23/2020,-0.8,-13.2,0.6,0,0,340,24.1,,1019.2,
12/24/2020,-1,-11.6,12.2,0,0,342,12.6,,1025.9,
12/25/2020,3.4,-5.5,12.8,0,0,30,10.8,,1021.3,
12/26/2020,5.2,-3.8,15,0,0,329,14.8,,1010.9,
12/27/2020,4.8,-3.8,8.9,0,0,345,15.5,,1014.5,
12/28/2020,-1.3,-4.9,0.6,8.4,0,79,18,,1020.4,
12/29/2020,-1.8,-8.2,4.4,0.5,80,6,13,,1015.1,
12/30/2020,-6.8,-16,1.7,0,80,22,7.9,,1024.5,
12/31/2020,-3.2,-9.9,7.8,0,50,26,14.4,,1017.4,
1/1/2021,0.2,-4.9,3.9,0,50,9,17.3,,1021,
1/2/2021,-1.7,-10.5,7.8,0,50,14,12.2,,1017.4,
1/3/2021,0.4,-7.1,8.9,0,30,2,16.6,,1014.7,
1/4/2021,3.2,-4.9,8.9,0,0,49,14.4,,1021.2,
1/5/2021,3.1,-2.7,12.8,0,0,345,22.3,,1014,
1/6/2021,0.4,-6.6,5,0,0,323,9.4,,1024.1,
1/7/2021,-0.5,-6.6,7.8,0,0,41,10.1,,1023.2,
1/8/2021,-0.8,-6,5,0,0,50,12.2,,1026,
1/9/2021,-2.5,-4.3,-2.1,4.6,0,119,5.8,,1026.5,
1/10/2021,-4.8,-13.2,-4.3,0.3,50,39,5.8,,1030.4,
1/11/2021,-4.1,-11.6,5.6,0,50,5,7.6,,1028.6,
1/12/2021,-1.7,-9.9,9.4,0,30,14,11.2,,1025.1,
1/13/2021,7,1.7,15.6,0,0,326,18.4,,1013.1,
1/14/2021,4.6,-7.1,9.4,0,0,356,25.9,,1019.4,
1/15/2021,-2.6,-7.7,6.1,0,0,301,8.3,,1024.1,
1/16/2021,0.9,-6.6,8.9,0,0,15,14.4,,1019.6,
1/17/2021,-0.4,-4.3,4.4,0,0,161,9.4,,1018.9,
1/18/2021,0.1,-3.8,2.2,0,0,0,19.1,,1019.4,
1/19/2021,-2.5,-8.2,1.1,0,0,11,11.2,,1031.6,
1/20/2021,-0.2,-8.8,15,0,0,341,12.2,,1019.3,
1/21/2021,3.6,-5.5,11.1,0,0,67,12.2,,1015.3,
1/22/2021,-0.3,-8.8,6.7,0,0,108,10.1,,1015.8,
1/23/2021,0.3,-8.2,13.3,0,0,37,10.8,,1008.5,
1/24/2021,-3.3,-7.1,-3.8,0,0,176,14.4,,1012,
1/25/2021,-2.4,-5.5,3.3,6.4,30,309,17.3,,1006.6,
1/26/2021,-6.6,-11.6,-5.5,3.3,50,153,14.4,,1013.6,
1/27/2021,-10.3,-17.7,-1.6,0,80,37,8.3,,1026.7,
1/28/2021,-1.3,-8.2,12.2,0,50,29,9.4,,1024,
1/29/2021,6.1,-1,14.4,0,0,194,19.4,,1009.3,
1/30/2021,5.8,-0.5,10.6,0,0,351,22.7,,1008.5,
1/31/2021,1.7,-4.9,7.2,0,0,52,10.1,,1029.2,
2/1/2021,1.9,-5.5,11.7,0,0,18,7.9,,1025,
2/2/2021,7.5,0.6,16.1,0,0,72,13,,1017.2,
2/3/2021,8.4,-1,17.8,0,0,328,25.6,,1006.1,
2/4/2021,0.6,-6.6,5,0,0,304,19.8,,1013.5,
2/5/2021,-0.4,-6.6,4.4,0,0,81,15.5,,1010.7,
2/6/2021,0.8,-7.1,8.3,0,0,328,18.7,,1010.8,
2/7/2021,2.3,-7.7,12.8,0,0,333,18.7,,1005.8,
2/8/2021,-0.1,-8.8,13.3,0,0,165,10.1,,1011.2,
2/9/2021,-5.7,-9.3,-2.1,0,0,160,8.3,,1016.6,
2/10/2021,-8.2,-9.3,-5.5,0,0,193,7.6,,1019.6,
2/11/2021,-6.2,-13.2,2.2,0,0,176,10.1,,1020.1,
2/12/2021,-13.8,-18.8,-13.2,0.8,0,150,17.3,,1022,
2/13/2021,-17.4,-18.8,-14.9,1.3,0,134,11.2,,1023.1,
2/14/2021,-19.9,-24.9,-18.2,5.3,50,143,11.5,,1029,
2/15/2021,-20.4,-26.6,-7.7,0,80,21,4.3,,1021.7,
2/16/2021,-6.8,-14.9,3.3,0,50,4,9,,1007.5,
2/17/2021,-5.6,-13.2,-0.5,5.3,50,95,11.5,,1015,
2/18/2021,-7.2,-12.1,-4.9,2,150,89,5.4,,1027.8,
2/19/2021,-5.6,-12.7,8.3,0,100,346,10.4,,1023.5,
2/20/2021,-1.4,-9.3,5.6,0,50,45,14.4,,1014.5,
2/21/2021,0.3,-5.5,3.3,0,30,334,14.4,,1018.5,
2/22/2021,2.7,-5.5,13.3,0,0,13,10.4,,1020,
2/23/2021,7,-2.1,18.3,0,0,1,16.2,,1009.9,
2/24/2021,1.2,-3.8,3.3,1.3,0,153,23.4,,1021.4,
2/25/2021,-4.2,-9.3,-3.2,5.3,150,63,10.1,,1025.3,
2/26/2021,-2.4,-9.9,9.4,0,50,333,12.2,,1011.1,
2/27/2021,0.9,-6,7.8,0,0,357,19.4,,1007.1,
2/28/2021,-1.9,-7.1,1.1,0,0,341,17.3,,1020.7,
3/1/2021,-1.2,-7.7,7.2,0,0,141,13.7,,1028.3,
3/2/2021,3.7,-7.1,17.2,0,0,17,12.6,,1017.9,
3/3/2021,6.9,-1.6,15.6,0,0,83,12.2,,1016,
3/4/2021,3.6,-2.1,7.8,7.1,0,358,21.6,,1016.2,
3/5/2021,5.5,0,12.8,0,0,17,16.9,,1026.7,
3/6/2021,6,-2.7,16.7,0,0,100,15.5,,1018.3,
3/7/2021,11.3,4.4,18.3,0,0,160,15.8,,1015.5,
3/8/2021,9.8,1.7,20,0,0,30,15.1,,1014.6,
3/9/2021,11.3,3.3,20,0,0,101,14.8,,1005.8,
3/10/2021,7.4,-1.6,11.1,0,0,304,23.8,,1006.1,
3/11/2021,1.7,-3.2,7.2,0,0,150,17.6,,1019.2,
3/12/2021,1.8,-1,2.8,0.3,0,94,9.4,,1023.2,
3/13/2021,1.1,-1.6,2.2,11.9,0,48,13.7,,1017.7,
3/14/2021,-0.8,-3.2,0.6,2.8,130,,42.8,,,
3/15/2021,-2.2,-6.6,4.4,0,130,353,13,,1011.8,
3/16/2021,2.2,-1.6,6.7,0,30,15,18,,1010.5,
3/17/2021,1.3,-2.7,6.7,0,0,343,27.7,,1019.4,
3/18/2021,1.7,-6,11.1,0,0,86,11.5,,1026.4,
3/19/2021,5.2,-3.8,15.6,0,0,115,10.8,,1023.7,
3/20/2021,9.9,1.1,22.8,0,0,151,21.6,,1011.8,
3/21/2021,9.8,-1,11.7,8.9,0,23,21.6,,1009.3,
3/22/2021,0.9,-1,5,3.8,150,348,16.6,,1013.4,
3/23/2021,2.2,-1,6.7,0,30,342,25.9,,1010.7,
3/24/2021,0.7,-2.1,4.4,0.8,0,57,18.7,,1014.5,
3/25/2021,1.7,-6,10.6,0,0,144,10.4,,1006.5,
3/26/2021,5.3,0,10,0,0,347,10.8,,1007.5,
3/27/2021,4.6,-2.7,11.7,0,0,7,14,,1020,
3/28/2021,7,-4.3,20.6,0,0,79,9.4,,1021.8,
3/29/2021,12.7,-1,23.3,0,0,348,28.8,,1002.8,
3/30/2021,1.4,-3.8,2.2,0,0,161,15.8,,1017.2,
3/31/2021,1.1,-6.6,11.1,0,0,140,10.1,,1030.7,
4/1/2021,5.9,-6,18.3,0,0,135,14.4,,1025.2,
4/2/2021,13.2,3.9,23.9,0,0,350,13.3,,1015.1,
4/3/2021,13.9,2.8,24.4,0,0,54,12.2,,1018.2,
4/4/2021,16.8,8.3,26.1,0,0,328,12.6,,1012.8,
4/5/2021,16,5,26.1,0,0,292,16.2,,1004,
4/6/2021,15.3,1.7,21.7,0,0,320,23.8,,999.6,
4/7/2021,6.7,0,16.7,0,0,340,16.6,,1012.3,
4/8/2021,11.9,1.1,21.7,0,0,331,15.1,,1006.3,
4/9/2021,9.1,0.6,11.7,0,0,20,27,,1010.2,
4/10/2021,6.3,-3.8,17.8,0,0,128,11.9,,1011.6,
4/11/2021,10.9,-0.5,18.3,0,0,37,19.8,,1006.4,
4/12/2021,2.9,-4.3,8.9,0,0,106,14,,1018.5,
4/13/2021,3.8,0.6,8.9,0,0,136,19.8,,1022,
4/14/2021,3.9,-2.1,11.7,0,0,105,18.4,,1020.5,
4/15/2021,2.9,-1,4.4,12.7,0,102,18.7,,1015.5,
4/16/2021,-0.4,-2.7,2.8,0,80,348,26.6,,1021.9,
4/17/2021,0.5,-1.6,3.3,0,0,349,14.4,,1025.5,
4/18/2021,4.3,-3.8,13.9,0,0,337,15.8,,1022.1,
4/19/2021,5.4,-6,13.9,3.6,30,27,19.4,,1016.3,
4/20/2021,-3.3,-7.7,2.8,0.5,0,84,14,,1026.4,
4/21/2021,0.2,-2.7,6.1,0,0,137,18.4,,1022.8,
4/22/2021,3.3,-6,17.2,0,0,65,15.5,,1010,
4/23/2021,8.1,2.2,13.3,2.3,0,359,11.9,,1009,
4/24/2021,7.7,-0.5,20,0,0,144,16.9,,1011.8,
4/25/2021,15.9,6.1,26.7,0,0,243,22.7,,1001.4,
4/26/2021,19.8,12.8,25.6,0,0,220,27.7,,996,
4/27/2021,14.4,5,16.7,0,0,3,24.8,,1003,
4/28/2021,7.6,3.9,13.9,0,0,333,24.5,,1016.8,
4/29/2021,12.3,3.9,21.1,0,0,15,17.6,,1023.5,
4/30/2021,15.6,3.9,25.6,0,0,107,10.4,,1020.3,
5/1/2021,19.1,8.3,28.9,0,0,73,11.9,,1006.5,
5/2/2021,18.2,7.8,22.8,8.4,0,345,29.2,,998.1,
5/3/2021,6.2,1.7,8.3,12.4,0,356,21.6,,1014.8,
5/4/2021,6.1,3.3,13.9,0,0,126,13.7,,1019.3,
5/5/2021,10.1,4.4,18.3,0,0,10,13.3,,1020.4,
5/6/2021,11.8,2.8,21.7,0,0,121,15.1,,1022.5,
5/7/2021,17.3,5.6,27.8,0,0,31,11.9,,1010.5,
5/8/2021,17.9,6.7,26.1,0.3,0,5,20.2,,1002.3,
5/9/2021,7.3,3.3,8.9,1,0,95,20.2,,1016,
5/10/2021,3.8,1.1,4.4,14,30,141,19.4,,1019.6,
5/11/2021,1.8,0.6,5,4.6,0,106,11.9,,1025.1,
5/12/2021,5.4,2.8,12.2,0,0,166,14.4,,1026.5,
5/13/2021,9.9,3.3,20,0,0,102,8.6,,1021.1,
5/14/2021,15.6,6.7,23.9,0,0,27,12.6,,1014.2,
5/15/2021,13.8,6.7,19.4,0,0,72,13,,1013.1,
5/16/2021,14.3,8.3,20.6,0.3,0,35,16.2,,1011.7,
5/17/2021,13.1,8.3,17.8,7.6,0,73,15.8,,1012.6,
5/18/2021,11.1,6.7,17.2,11.9,0,338,16.9,,1011.2,
5/19/2021,11.5,5.6,19.4,0,0,149,11.2,,1011.1,
5/20/2021,16.6,8.3,26.7,0,0,144,15.8,,1005.1,
5/21/2021,19,9.4,27.2,0,0,146,25.9,,1006.1,
5/22/2021,17.6,10,24.4,0.5,0,142,25.6,,1013.4,
5/23/2021,15.6,8.9,23.9,1.5,0,194,26.6,,1011.2,
5/24/2021,16.5,6.1,25.6,0.8,0,53,15.1,,1011,
5/25/2021,17.3,11.1,22.8,0,0,124,20.2,,1013.6,
5/26/2021,16.7,13.3,23.3,0,0,168,19.8,,1013.6,
5/27/2021,17.8,11.7,23.9,0,0,110,16.9,,1014,
5/28/2021,16.2,9.4,26.1,2.3,0,140,13.3,,1015.2,
5/29/2021,16.6,8.3,24.4,14.5,0,22,16.9,,1012.8,
5/30/2021,13.6,8.9,17.8,7.4,0,51,15.5,,1018.1,
5/31/2021,10.1,7.2,14.4,13.7,0,131,7.2,,1023.9,
6/1/2021,11.4,4.4,20.6,0,0,8,11.2,,1021.6,
6/2/2021,15.1,8.3,22.8,0,0,76,10.4,,1015.7,
6/3/2021,17.8,9.4,25.6,0,0,122,10.8,,1014.2,
6/4/2021,20.1,10.6,28.3,0,0,118,10.1,,1012,
6/5/2021,21.8,12.2,30.6,0,0,52,14.4,,1006.4,
6/6/2021,22.4,15.6,30,2.8,0,345,13,,1005.5,
6/7/2021,21.2,11.7,31.7,0,0,43,15.5,,1007,
6/8/2021,21.4,12.8,31.7,0,0,101,17.6,,1007.6,
6/9/2021,24.6,15.6,31.1,0,0,61,16.6,,1011.9,
6/10/2021,24.3,15.6,33.9,0,0,145,18.7,,1007.7,
6/11/2021,22.7,13.9,27.8,0,0,93,19.8,,1011.1,
6/12/2021,20.2,11.7,29.4,0,0,138,18.4,,1015.7,
6/13/2021,23,15.6,30.6,0,0,86,10.8,,1014.7,
6/14/2021,24.2,13.9,33.3,0,0,69,11.2,,1015.4,
6/15/2021,25.1,15.6,33.3,0,0,87,11.5,,1014.8,
6/16/2021,27.4,17.8,37.8,0,0,19,11.9,,1013.3,
6/17/2021,27.2,16.7,36.1,0,0,27,16.6,,1011.4,
6/18/2021,26.6,17.8,33.9,0,0,346,20.2,,1009.9,
6/19/2021,23.4,14.4,30.6,0.3,0,96,11.9,,1008.5,
6/20/2021,23,11.7,32.2,5.1,0,28,13.7,,1007.3,
6/21/2021,15.8,11.1,17.8,0.8,0,140,15.5,,1018.3,
6/22/2021,20.3,8.9,35,0,0,36,9,,1010,
6/23/2021,26.7,16.1,34.4,0,0,328,12.2,,1006.3,
6/24/2021,25.4,15,31.1,2,0,336,20.5,,1008.7,
6/25/2021,18.8,11.7,26.7,10.2,0,61,15.5,,1011,
6/26/2021,15.4,11.7,21.1,21.3,0,333,17.3,,1016.2,
6/27/2021,15.4,11.7,19.4,2.3,0,325,15.8,,1019,
6/28/2021,15.4,12.8,20.6,6.6,0,348,10.4,,1020.6,
6/29/2021,17.1,11.7,22.8,0,0,110,15.8,,1021.1,
6/30/2021,17.8,12.2,24.4,3.3,0,130,13.3,,1018.9,
7/1/2021,19.2,15.6,24.4,15.2,0,46,12.2,,1017.6,
7/2/2021,17.1,13.9,23.3,0,0,164,10.8,,1018.3,
7/3/2021,20.9,13.3,28.3,0.3,0,96,11.9,,1014.6,
7/4/2021,21.9,15,30.6,22.1,0,21,13.7,,1014,
7/5/2021,21.5,13.3,29.4,0,0,41,10.1,,1014,
7/6/2021,22.2,16.7,27.8,0,0,11,19.8,,1015.4,
7/7/2021,22.2,15.6,28.9,0,0,180,11.9,,1016,
7/8/2021,23.9,14.4,33.3,0,0,26,13.7,,1011.6,
7/9/2021,26.4,16.7,35.6,0.3,0,342,14.4,,1011.5,
7/10/2021,23.5,17.8,28.3,0,0,15,22,,1016.2,
7/11/2021,21.2,13.9,27.2,0,0,147,10.1,,1017.7,
7/12/2021,21.8,11.7,30.6,0,0,135,9.4,,1015.9,
7/13/2021,22.6,14.4,30.6,0,0,176,13.7,,1014.4,
7/14/2021,21.4,15,27.2,0,0,347,19.4,,1013.3,
7/15/2021,20.6,12.8,30,9.7,0,291,11.9,,1014.4,
7/16/2021,22,15,29.4,7.4,0,84,10.4,,1014.4,
7/17/2021,21.1,14.4,28.9,1.3,0,115,11.5,,1016.8,
7/18/2021,21.1,15,29.4,0,0,101,9.4,,1020.2,
7/19/2021,22.4,14.4,29.4,0,0,115,12.2,,1020.3,
7/20/2021,22.9,13.3,29.4,0,0,113,15.8,,1017.2,
7/21/2021,23,14.4,31.7,3,0,66,13.3,,1014.5,
7/22/2021,23.8,16.7,33.9,0,0,49,10.8,,1013,
7/23/2021,26.6,18.9,34.4,1,0,359,19.1,,1012.1,
7/24/2021,22.8,18.3,25,0.8,0,319,18.4,,1016.7,
7/25/2021,22.1,15.6,30.6,8.4,0,302,15.8,,1016.5,
7/26/2021,20.9,13.9,30.6,0,0,101,10.1,,1014.8,
7/27/2021,24.1,15.6,31.1,0,0,108,12.6,,1015.3,
7/28/2021,25.7,16.1,35,0,0,88,9.4,,1013.9,
7/29/2021,26.5,17.2,33.3,0,0,86,13.3,,1014.5,
7/30/2021,25.6,15,33.9,0,0,67,15.5,,1014.8,
7/31/2021,22.3,15.6,25.6,13.5,0,339,22.3,,1020.1,
8/1/2021,17.7,15,22.8,0,0,237,13.7,,1024.5,
8/2/2021,19.8,13.3,27.8,0,0,165,11.5,,1020.2,
8/3/2021,21.6,16.1,28.3,0,0,19,13.3,,1015.8,
8/4/2021,20.7,14.4,27.2,0.3,0,20,13.3,,1017.7,
8/5/2021,21.9,13.3,31.7,0,0,326,11.2,,1016.7,
8/6/2021,24.8,13.9,35.6,0,0,233,14.4,,1009.7,
8/7/2021,24.3,16.1,30.6,0,0,339,16.9,,1008.9,
8/8/2021,21.8,11.7,32.2,0,0,8,9,,1010.7,
8/9/2021,25.6,15.6,35.6,0,0,328,12.2,,1008.6,
8/10/2021,25.8,18.3,33.9,0,0,274,12.6,,1011.2,
8/11/2021,26.2,16.7,35,0,0,9,11.5,,1010.9,
8/12/2021,25.1,16.7,32.8,0.3,0,14,19.1,,1013.5,
8/13/2021,22.4,16.1,28.9,0,0,123,12.2,,1019.5,
8/14/2021,22.7,13.9,32.2,0,0,150,13,,1019,
8/15/2021,23.8,13.9,31.7,0.8,0,3,13.7,,1014.8,
8/16/2021,22.4,12.8,32.8,0,0,11,10.8,,1011.8,
8/17/2021,23.4,13.3,32.8,0,0,85,13.7,,1008.7,
8/18/2021,24.3,12.8,34.4,0,0,96,14.8,,1006.3,
8/19/2021,25.1,16.1,32.2,0,0,313,14.4,,1005.5,
8/20/2021,22.8,17.2,30.6,0,0,11,15.5,,1007.1,
8/21/2021,20.2,13.3,26.1,1.3,0,154,19.4,,1013.8,
8/22/2021,22.7,13.9,33.3,0,0,232,14.8,,1008.7,
8/23/2021,25.8,17.8,34.4,0,0,275,14.4,,1008.3,
8/24/2021,27.4,16.7,34.4,0,0,352,11.9,,1009.8,
8/25/2021,25,16.7,32.8,0,0,59,16.9,,1014.5,
8/26/2021,23.3,14.4,33.3,2.5,0,14,13,,1013.8,
8/27/2021,21.9,13.3,33.3,0,0,116,15.5,,1010.7,
8/28/2021,25.1,13.9,34.4,0,0,30,16.2,,1008.9,
8/29/2021,21.6,15.6,25.6,0,0,76,18.7,,1015.5,
8/30/2021,21.7,12.2,33.9,0,0,66,9.4,,1010.5,
8/31/2021,24.6,16.1,34.4,0,0,75,13,,1005.8,
9/1/2021,24.3,13.9,31.1,3,0,74,12.6,,1004.7,
9/2/2021,21.6,15,29.4,5.3,0,352,16.9,,1009.6,
9/3/2021,18.9,14.4,26.7,6.1,0,265,14.8,,1014.7,
9/4/2021,19.7,13.3,27.2,0,0,168,13,,1016.5,
9/5/2021,21.3,13.3,30,0,0,355,9.7,,1016.2,
9/6/2021,22.8,12.2,33.3,0,0,14,10.8,,1014.2,
9/7/2021,24.1,16.1,31.7,0,0,10,15.1,,1015.5,
9/8/2021,21.7,11.7,31.7,0,0,108,9.7,,1017.6,
9/9/2021,23.7,12.2,35.6,0,0,2,9,,1015.1,
9/10/2021,24.5,15,35.6,0,0,33,11.5,,1013.7,
9/11/2021,27.3,17.8,36.7,0,0,353,18.4,,1011.3,
9/12/2021,23.8,16.1,30,6.9,0,8,13,,1014.4,
9/13/2021,20.8,11.7,30,0,0,26,9.4,,1012.5,
9/14/2021,19.1,11.7,26.1,0,0,82,12.2,,1014.1,
9/15/2021,17.9,8.9,28.9,0,0,109,13.7,,1012.2,
9/16/2021,23.1,13.3,32.8,0,0,313,12.6,,1006.2,
9/17/2021,19.3,9.4,23.9,0,0,332,21.6,,1017.5,
9/18/2021,17.9,7.2,31.7,0,0,115,14,,1017,
9/19/2021,23.9,16.1,30.6,0,0,245,16.2,,1005.8,
9/20/2021,17.1,8.3,20.6,0,0,2,19.4,,1013.5,
9/21/2021,11.1,5,17.8,0,0,143,14.4,,1030.4,
9/22/2021,13.8,2.8,25,0,0,134,9.4,,1024.3,
9/23/2021,18.3,7.8,28.9,0,0,35,14.4,,1014.7,
9/24/2021,18.8,10.6,25.6,0,0,197,12.6,,1017,
9/25/2021,17.1,6.7,27.8,0,0,114,11.9,,1016.5,
9/26/2021,22.2,12.8,31.1,0,0,27,13.3,,1010,
9/27/2021,21.7,15,30,0,0,63,18,,1009.7,
9/28/2021,19.6,11.7,25,0,0,51,12.2,,1005.2,
9/29/2021,16.3,8.3,23.9,2.8,0,353,20.2,,1008.8,
9/30/2021,10.7,7.2,15,0,0,356,14.8,,1022.1,
10/1/2021,11.8,9.4,16.1,0.3,0,141,8.6,,1020.8,
10/2/2021,14.5,8.9,22.2,0,0,9,11.2,,1020.4,
10/3/2021,15.2,6.1,25,0,0,343,8.3,,1019.6,
10/4/2021,17.1,7.2,26.1,0,0,29,9.4,,1019.6,
10/5/2021,16.1,6.1,25,0,0,102,13,,1020.2,
10/6/2021,16.3,6.1,26.1,0,0,81,15.5,,1014,
10/7/2021,17.3,10,24.4,0,0,74,12.6,,1013.7,
10/8/2021,17.5,8.9,25.6,0,0,137,15.5,,1011.9,
10/9/2021,19.2,9.4,23.9,0,0,264,18.7,,1004.7,
10/10/2021,13,5,19.4,0,0,354,10.4,,1009.5,
10/11/2021,11.1,4.4,18.9,0,0,111,16.6,,1007.3,
10/12/2021,9.8,1.1,18.9,0,0,29,16.9,,1000.3,
10/13/2021,8.9,-0.5,18.3,0,0,59,14.8,,1004.1,
10/14/2021,5.9,1.1,10.6,0.8,0,92,10.4,,1014.5,
10/15/2021,4.6,-1,11.1,0,0,3,7.6,,1025.4,
10/16/2021,7.3,-2.1,17.2,0,0,99,11.5,,1028,
10/17/2021,10.6,0,21.7,0,0,80,11.5,,1019.7,
10/18/2021,14.9,6.7,23.9,0,0,153,13.7,,1006.9,
10/19/2021,14.1,1.1,18.9,0,0,330,17.3,,1007.1,
10/20/2021,6.5,-1,15,0,0,109,9.4,,1021.6,
10/21/2021,9.3,-0.5,19.4,0,0,135,9.4,,1023.6,
10/22/2021,12.6,2.2,22.8,0,0,91,10.8,,1015.4,
10/23/2021,13.1,4.4,21.7,0,0,346,15.8,,1004.4,
10/24/2021,13.4,3.3,21.1,0,0,97,10.8,,1007.9,
10/25/2021,12.1,3.3,25.6,0,0,108,13,,1010,
10/26/2021,14.9,3.3,21.7,5.3,0,144,28.4,,997.7,
10/27/2021,6.3,1.7,13.3,0,0,346,19.8,,1012.3,
10/28/2021,6.9,1.1,14.4,0,0,338,12.2,,1022.2,
10/29/2021,10.8,2.8,19.4,0,0,101,10.8,,1019.7,
10/30/2021,13.9,3.3,22.2,0,0,1,15.5,,1013,
10/31/2021,3.7,0.6,5,0.3,0,145,15.8,,1023.3,
11/1/2021,2.9,-2.1,9.4,0,0,70,9,,1025.3,
11/2/2021,1.9,-0.5,5.6,0,0,134,5,,1026.1,
11/3/2021,6.8,0,15,0,0,12,11.2,,1025.2,
11/4/2021,7.8,-1,17.8,0,0,41,9.4,,1020.2,
11/5/2021,12,2.8,21.1,0,0,62,14.8,,1016.3,
11/6/2021,12.2,1.7,25,0,0,41,14,,1016.4,
11/7/2021,15.4,6.1,25,0,0,5,13.3,,1011.8,
11/8/2021,12.8,1.7,17.8,0,0,102,13.7,,1017.4,
11/9/2021,5.3,-1.6,11.1,0,0,53,8.3,,1020.2,
11/10/2021,9.5,1.7,16.7,0,0,333,17.6,,1012.6,
11/11/2021,5.9,-2.7,15,0,0,316,18.4,,1018.6,
11/12/2021,3.7,-4.9,11.1,0,0,139,10.1,,1025.5,
11/13/2021,9.1,-1,20.6,0,0,343,15.5,,1019.2,
11/14/2021,7.1,-1,13.9,0,0,233,10.8,,1020.6,
11/15/2021,14.1,6.7,23.9,0,0,341,9.7,,1016.1,
11/16/2021,14.1,5,22.2,0,0,25,16.9,,1005.5,
11/17/2021,4,-7.1,7.2,0,0,89,13.3,,1023.4,
11/18/2021,-2.7,-10.5,6.7,0,0,66,9.4,,1030.3,
11/19/2021,8.3,1.7,18.3,0,0,76,14.4,,1015.5,
11/20/2021,9.6,3.3,13.9,0.8,0,6,16.9,,1016.7,
11/21/2021,5,-2.7,11.1,0,0,67,12.6,,1028.9,
11/22/2021,7.7,0.6,17.2,0,0,28,12.6,,1023.5,
11/23/2021,8.9,-1,21.1,0,0,353,14.8,,1008.3,
11/24/2021,7.4,-4.9,11.1,0,0,352,18.7,,1016.2,
11/25/2021,0.6,-8.8,10.6,0,0,48,9.4,,1031.6,
11/26/2021,8.6,-0.5,21.1,0,0,353,11.2,,1019.6,
11/27/2021,8.7,1.7,13.9,0,0,53,15.1,,1020.4,
11/28/2021,6.6,-3.2,19.4,0,0,36,9.4,,1023.7,
11/29/2021,12.2,4.4,21.1,0,0,31,13.7,,1017.9,
11/30/2021,9.4,2.8,15,0,0,4,18.4,,1019.1,
12/1/2021,9.4,1.7,20.6,0,0,8,6.1,,1020.6,
12/2/2021,12.3,3.9,22.2,0,0,41,12.2,,1017.4,
12/3/2021,9.8,2.8,14.4,0,0,93,15.1,,1018.3,
12/4/2021,4.7,-3.8,12.2,0,0,50,7.6,,1019.6,
12/5/2021,11.6,-6,20.6,0,0,320,20.9,,1010.4,
12/6/2021,-4.9,-9.3,10,0,0,164,17.3,,1022.3,
12/7/2021,4.7,-3.8,10,0,0,17,14.8,,1011.9,
12/8/2021,3.2,-2.7,12.8,0,0,26,10.4,,1007.8,
12/9/2021,8.5,-1,14.4,0,0,122,13,,1001.5,
12/10/2021,1.7,-9.9,5.6,0,0,346,27,,1003.9,
12/11/2021,-3.4,-13.8,7.2,0,0,98,11.2,,1019.1,
12/12/2021,8.1,0.6,20,0,0,355,13,,1011.2,
12/13/2021,8.4,1.7,15.6,0,0,29,9.4,,1015,
12/14/2021,9.2,2.2,18.9,0,0,180,24.1,,1009.7,
12/15/2021,7.9,-4.9,11.1,0.3,0,185,31,,999.6,
12/16/2021,1.4,-6,11.1,0,0,94,15.5,,1013.3,
12/17/2021,-0.3,-7.1,5,0,0,59,14.8,,1016.5,
12/18/2021,-4.7,-11,1.1,0,0,99,7.6,,1027.7,
12/19/2021,0.6,-9.3,12.8,0,0,13,10.4,,1019.7,
12/20/2021,5.3,-3.8,14.4,0,0,3,13,,1019,
12/21/2021,6.9,-3.2,16.7,0,0,340,16.6,,1015.1,
12/22/2021,8.9,0.6,16.1,0,0,274,18,,1011.6,
12/23/2021,10.2,1.1,19.4,0,0,104,15.8,,1005.3,
12/24/2021,11.9,0.6,15.6,1,0,230,28.8,,996.5,
12/25/2021,6.7,3.9,12.8,0,0,224,29.2,,1007,
12/26/2021,6.3,0.6,12.8,0,0,204,26.6,,1000.8,
12/27/2021,1.8,-5.5,3.9,0,0,169,17.3,,1004.1,
12/28/2021,1.1,-8.2,9.4,0,0,137,19.8,,999.5,
12/29/2021,-3.5,-13.2,9.4,0,0,34,12.6,,1006.5,
12/30/2021,3.1,-0.5,11.1,0,0,241,34.9,,1002.2,
12/31/2021,6.1,-5.5,10.6,0.5,0,205,28.1,,997.8,
